1758,Jul,-0.642933391,,,,-0.047088821
1758,Aug,-0.333589201,,,,
1758,Sep,-0.052431928,,,,
1758,Oct,0.234378745,,,,
1758,Nov,0.093881499,,,,
1758,Dec,0.176561529,,,,
1759,Jan,0.171486107,,,,
1759,Feb,0.132433255,,,,
1759,Mar,-0.071084259,,,,
1759,Apr,-0.317656619,,,,
1759,May,-0.465182136,,,,
1759,Jun,-0.15416194,,,,
1759,Jul,0.086729107,,,,
1759,Aug,-0.286698782,,,,
1759,Sep,0.051785662,,,,
1759,Oct,0.134475509,,,,
1759,Nov,-0.030760121,,,,
1759,Dec,0.037481476,,,,
1760,Jan,0.202291725,,,,
1760,Feb,0.13163861,,,,
1760,Mar,0.169800118,,,,
1760,Apr,-0.37836219,,,,
1760,May,0.025311753,,,,
1760,Jun,-0.290097917,,,,
1760,Jul,-0.082489607,,,,
1760,Aug,-0.113017943,,,,
1760,Sep,0.055747148,,,,
1760,Oct,0.086120099,,,,
1760,Nov,-0.155514443,,,,
1760,Dec,0.053515344,,,,
1761,Jan,0.069727459,,,,
1761,Feb,0.171923069,,,,
1761,Mar,0.066702711,,,,
1761,Apr,-0.107816439,,,,
1761,May,-0.122056878,,,,
1761,Jun,-0.042089568,,,,
1761,Jul,-0.117494884,,,,
1761,Aug,-0.114724803,,,,
1761,Sep,-0.008818675,,,,
1761,Oct,0.049645634,,,,
1761,Nov,0.096854423,,,,
1761,Dec,0.219385555,,,,
1762,Jan,0.057825321,,,,
1762,Feb,0.073674767,,,,
1762,Mar,0.029471105,,,,
1762,Apr,-0.111892257,,,,
1762,May,-0.316502855,,,,
1762,Jun,-0.505681264,,,,
1762,Jul,-0.051898684,,,,
1762,Aug,0.065561671,,,,
1762,Sep,-0.173498448,,,,
1762,Oct,0.034109862,,,,
1762,Nov,0.064840751,,,,
1762,Dec,-0.018894511,,,,
1763,Jan,-0.097039248,,,,
1763,Feb,0.326461227,,,,
1763,Mar,0.075448955,,,,
1763,Apr,-0.423011375,,,,
1763,May,-0.017314956,,,,
1763,Jun,-0.063639134,,,,
1763,Jul,-0.232781533,,,,
1763,Aug,-0.02224803,,,,
1763,Sep,0.137884602,,,,
1763,Oct,0.111779878,,,,
1763,Nov,0.114091826,,,,
1763,Dec,-0.138487544,,,,
1764,Jan,0.133067223,,,,
1764,Feb,0.087497226,,,,
1764,Mar,0.168257216,,,,
1764,Apr,-0.097364681,,,,
1764,May,-0.148080495,,,,
1764,Jun,-0.490267746,,,,
1764,Jul,-0.71680259,,,,
1764,Aug,-0.229133706,,,,
1764,Sep,-0.013998272,,,,
1764,Oct,-0.003826257,,,,
1764,Nov,0.0991545,,,,
1764,Dec,0.246352317,,,,
1765,Jan,0.074655161,,,,
1765,Feb,0.253625624,,,,
1765,Mar,-0.104442549,,,,
1765,Apr,0.115611012,,,,
1765,May,-0.189538771,,,,
1765,Jun,-0.38541955,,,,
1765,Jul,-0.487831109,,,,
1765,Aug,-0.0898911,,,,
1765,Sep,0.093973521,,,,
1765,Oct,0.085168019,,,,
1765,Nov,0.09474727,,,,
1765,Dec,0.117336574,,,,
1766,Jan,0.027159944,,,,
1766,Feb,0.24964923,,,,
1766,Mar,0.131970013,,,,
1766,Apr,-0.230104013,,,,
1766,May,-0.369348406,,,,
1766,Jun,-0.332143586,,,,
1766,Jul,-0.176812842,,,,
1766,Aug,0.019481803,,,,
1766,Sep,0.137192254,,,,
1766,Oct,0.031278272,,,,
1766,Nov,-0.005633811,,,,
1766,Dec,0.03562146,,,,
1767,Jan,0.195322303,,,,
1767,Feb,-0.276700584,,,,
1767,Mar,0.048917873,,,,
1767,Apr,-0.068638517,,,,
1767,May,-0.362756904,,,,
1767,Jun,-0.294069838,,,,
1767,Jul,-0.131767558,,,,
1767,Aug,-0.196388638,,,,
1767,Sep,0.200199161,,,,
1767,Oct,0.207527804,,,,
1767,Nov,0.222407766,,,,
1767,Dec,0.156797275,,,,
1768,Jan,0.099294629,,,,
1768,Feb,-0.34886293,,,,
1768,Mar,-0.079818631,,,,
1768,Apr,0.109500768,,,,
1768,May,-0.335496328,,,,
1768,Jun,-0.206078934,,,,
1768,Jul,-0.091733477,,,,
1768,Aug,-0.073023599,,,,
1768,Sep,-0.092071564,,,,
1768,Oct,0.101014112,,,,
1768,Nov,-0.018262135,,,,
1768,Dec,0.213659556,,,,
1769,Jan,0.005733487,,,,
1769,Feb,0.160228682,,,,
1769,Mar,0.036261561,,,,
1769,Apr,-0.149472841,,,,
1769,May,-0.244619046,,,,
1769,Jun,-0.17047191,,,,
1769,Jul,-0.085588486,,,,
1769,Aug,-0.046385213,,,,
1769,Sep,-0.05951346,,,,
1769,Oct,0.182556237,,,,
1769,Nov,0.001093024,,,,
1769,Dec,0.230644888,,,,
1770,Jan,0.024428397,,,,
1770,Feb,-0.107459199,,,,
1770,Mar,0.163118232,,,,
1770,Apr,-0.117650805,,,,
1770,May,-0.459655704,,,,
1770,Jun,-0.099673453,,,,
1770,Jul,-0.123096552,,,,
1770,Aug,0.05098637,,,,
1770,Sep,0.079388102,,,,
1770,Oct,-0.148208893,,,,
1770,Nov,-0.00284516,,,,
1770,Dec,0.195624271,,,,
1771,Jan,0.108474096,,,,
1771,Feb,0.016541729,,,,
1771,Mar,0.025939427,,,,
1771,Apr,0.178514117,,,,
1771,May,-0.10888301,,,,
1771,Jun,-0.146182302,,,,
1771,Jul,-0.240844869,,,,
1771,Aug,-0.280209991,,,,
1771,Sep,0.081700587,,,,
1771,Oct,-0.194832437,,,,
1771,Nov,0.174961503,,,,
1771,Dec,0.060331749,,,,
1772,Jan,-0.04632287,,,,
1772,Feb,0.014176104,,,,
1772,Mar,0.057453474,,,,
1772,Apr,0.064637036,,,,
1772,May,-0.000733038,,,,
1772,Jun,-0.404968098,,,,
1772,Jul,0.023584055,,,,
1772,Aug,-0.144908065,,,,
1772,Sep,0.148312777,,,,
1772,Oct,0.005994716,,,,
1772,Nov,-0.063454235,,,,
1772,Dec,0.006105925,,,,
1773,Jan,0.219985745,,,,
1773,Feb,-0.077865865,,,,
1773,Mar,-0.025159515,,,,
1773,Apr,0.055908954,,,,
1773,May,0.075850672,,,,
1773,Jun,-0.398023391,,,,
1773,Jul,-0.104173346,,,,
1773,Aug,-0.118181371,,,,
1773,Sep,-0.122610621,,,,
1773,Oct,0.026232458,,,,
1773,Nov,0.033901843,,,,
1773,Dec,-0.117719818,,,,
1774,Jan,0.239876003,,,,
1774,Feb,0.049921702,,,,
1774,Mar,0.015902791,,,,
1774,Apr,-0.028902236,,,,
1774,May,0.052104797,,,,
1774,Jun,-0.002061975,,,,
1774,Jul,-0.18898983,,,,
1774,Aug,0.027001649,,,,
1774,Sep,0.074129518,,,,
1774,Oct,-0.199974898,,,,
1774,Nov,0.018385524,,,,
1774,Dec,0.101055098,,,,
1775,Jan,0.04731471,,,,
1775,Feb,0.162099447,,,,
1775,Mar,0.042894629,,,,
1775,Apr,-0.006443543,,,,
1775,May,0.06421592,,,,
1775,Jun,-0.266800662,,,,
1775,Jul,-0.106765431,,,,
1775,Aug,-0.250195876,,,,
1775,Sep,-0.166268973,,,,
1775,Oct,0.016999229,,,,
1775,Nov,0.006611999,,,,
1775,Dec,0.098516947,,,,
1776,Jan,0.113199366,,,,
1776,Feb,0.273366256,,,,
1776,Mar,-0.016591346,,,,
1776,Apr,-0.006332139,,,,
1776,May,-0.188924894,,,,
1776,Jun,-0.517967888,,,,
1776,Jul,-0.248537738,,,,
1776,Aug,-0.606876016,,,,
1776,Sep,-0.110820354,,,,
1776,Oct,-0.088255654,,,,
1776,Nov,0.250470873,,,,
1776,Dec,0.146255394,,,,
1777,Jan,0.362440849,,,,
1777,Feb,0.091374076,,,,
1777,Mar,-0.078360664,,,,
1777,Apr,0.005071808,,,,
1777,May,-0.372035863,,,,
1777,Jun,-0.191400999,,,,
1777,Jul,-0.425230278,,,,
1777,Aug,-0.021862892,,,,
1777,Sep,0.139190665,,,,
1777,Oct,0.194585904,,,,
1777,Nov,0.073950481,,,,
1777,Dec,0.064623061,,,,
1778,Jan,0.046020866,,,,
1778,Feb,0.136376347,,,,
1778,Mar,0.041020162,,,,
1778,Apr,-0.159867591,,,,
1778,May,-0.415701863,,,,
1778,Jun,-0.261039568,,,,
1778,Jul,-0.208980115,,,,
1778,Aug,0.028501683,,,,
1778,Sep,-0.252132072,,,,
1778,Oct,0.16728305,,,,
1778,Nov,0.187348708,,,,
1778,Dec,0.032052135,,,,
1779,Jan,0.144082028,,,,
1779,Feb,0.128808539,,,,
1779,Mar,0.104283196,,,,
1779,Apr,-0.269242836,,,,
1779,May,-0.214588943,,,,
1779,Jun,-0.336548367,,,,
1779,Jul,-0.103391491,,,,
1779,Aug,-0.30484161,,,,
1779,Sep,0.082785205,,,,
1779,Oct,0.014187103,,,,
1779,Nov,0.201371606,,,,
1779,Dec,0.116855462,,,,
1780,Jan,0.107175361,,,,
1780,Feb,0.155018457,,,,
1780,Mar,0.003372185,,,,
1780,Apr,-0.123509774,,,,
1780,May,-0.142120547,,,,
1780,Jun,-0.207061354,,,,
1780,Jul,-0.133335453,,,,
1780,Aug,-0.249307712,,,,
1780,Sep,0.201758144,,,,
1780,Oct,0.044778627,,,,
1780,Nov,0.18786602,,,,
1780,Dec,0.025508411,,,,
1781,Jan,0.030494414,,,,
1781,Feb,0.077131365,,,,
1781,Mar,-0.076343869,,,,
1781,Apr,-0.032137029,,,,
1781,May,-0.239354108,,,,
1781,Jun,-0.225113669,,,,
1781,Jul,-0.106234572,,,,
1781,Aug,0.065152767,,,,
1781,Sep,-0.055124662,,,,
1781,Oct,-0.178348768,,,,
1781,Nov,0.210201239,,,,
1781,Dec,0.089505469,,,,
1782,Jan,0.190884284,,,,
1782,Feb,-0.116760046,,,,
1782,Mar,0.234485188,,,,
1782,Apr,-0.23835497,,,,
1782,May,-0.255116893,,,,
1782,Jun,-0.117177074,,,,
1782,Jul,-0.291635106,,,,
1782,Aug,0.129236494,,,,
1782,Sep,-0.163507219,,,,
1782,Oct,-0.071488822,,,,
1782,Nov,0.012428037,,,,
1782,Dec,0.182510708,,,,
1783,Jan,0.171772579,,,,
1783,Feb,0.016403887,,,,
1783,Mar,0.165605651,,,,
1783,Apr,-0.147734617,,,,
1783,May,-0.188821882,,,,
1783,Jun,-0.38181123,,,,
1783,Jul,-0.301595884,,,,
1783,Aug,-0.059697622,,,,
1783,Sep,0.101901403,,,,
1783,Oct,0.157075068,,,,
1783,Nov,0.224613808,,,,
1783,Dec,-0.244917162,,,,
1784,Jan,0.002602525,,,,
1784,Feb,0.173530416,,,,
1784,Mar,0.01770022,,,,
1784,Apr,0.080304531,,,,
1784,May,-0.028802446,,,,
1784,Jun,-0.284507507,,,,
1784,Jul,-0.013036808,,,,
1784,Aug,-0.151572954,,,,
1784,Sep,-0.201352805,,,,
1784,Oct,0.057408028,,,,
1784,Nov,0.038930695,,,,
1784,Dec,0.107971687,,,,
1785,Jan,0.052265036,,,,
1785,Feb,0.049793501,,,,
1785,Mar,0.197991659,,,,
1785,Apr,-0.115126837,,,,
1785,May,-0.200589648,,,,
1785,Jun,-0.335830588,,,,
1785,Jul,-0.251047264,,,,
1785,Aug,-0.064684084,,,,
1785,Sep,-0.120364774,,,,
1785,Oct,0.244389382,,,,
1785,Nov,0.115760282,,,,
1785,Dec,-0.103236426,,,,
1786,Jan,-0.082927776,,,,
1786,Feb,0.144954382,,,,
1786,Mar,0.08671715,,,,
1786,Apr,-0.073037904,,,,
1786,May,-0.092627492,,,,
1786,Jun,-0.022012033,,,,
1786,Jul,-0.061135672,,,,
1786,Aug,-0.059304048,,,,
1786,Sep,-0.129145124,,,,
1786,Oct,0.101825799,,,,
1786,Nov,0.083763425,,,,
1786,Dec,0.062372983,,,,
1787,Jan,0.147625468,,,,
1787,Feb,0.205299192,,,,
1787,Mar,-0.008279029,,,,
1787,Apr,0.043886413,,,,
1787,May,-0.547495114,,,,
1787,Jun,-0.023105679,,,,
1787,Jul,-0.239868131,,,,
1787,Aug,-0.218519727,,,,
1787,Sep,-0.115761951,,,,
1787,Oct,0.001644382,,,,
1787,Nov,-0.075619858,,,,
1787,Dec,-0.093523155,,,,
1788,Jan,0.238756963,,,,
1788,Feb,0.243629315,,,,
1788,Mar,0.261183899,,,,
1788,Apr,-0.481898903,,,,
1788,May,-0.258615267,,,,
1788,Jun,-0.337141715,,,,
1788,Jul,-0.194981029,,,,
1788,Aug,0.00893337,,,,
1788,Sep,0.053682421,,,,
1788,Oct,-0.023271128,,,,
1788,Nov,-0.009030689,,,,
1788,Dec,0.240701198,,,,
1789,Jan,0.086036719,,,,
1789,Feb,0.084018008,,,,
1789,Mar,-0.02310775,,,,
1789,Apr,-0.391781288,,,,
1789,May,-0.11436295,,,,
1789,Jun,-0.410628239,,,,
1789,Jul,-0.184488632,,,,
1789,Aug,0.111833883,,,,
1789,Sep,0.200102552,,,,
1789,Oct,0.060923376,,,,
1789,Nov,0.05644867,,,,
1789,Dec,0.051163294,,,,
1790,Jan,0.096920784,,,,
1790,Feb,0.109155588,,,,
1790,Mar,-0.029951734,,,,
1790,Apr,0.015288046,,,,
1790,May,-0.252233999,,,,
1790,Jun,-0.388327974,,,,
1790,Jul,-0.559129692,,,,
1790,Aug,0.000184688,,,,
1790,Sep,-0.034992971,,,,
1790,Oct,0.2194271,,,,
1790,Nov,0.379754029,,,,
1790,Dec,-0.087601157,,,,
1791,Jan,0.064683566,,,,
1791,Feb,0.030102229,,,,
1791,Mar,-0.014101434,,,,
1791,Apr,0,,,,
1791,May,-0.164069466,,,,
1791,Jun,-0.542612241,,,,
1791,Jul,-0.284945208,,,,
1791,Aug,-0.055767394,,,,
1791,Sep,0.136745527,,,,
1791,Oct,0.368679429,,,,
1791,Nov,0.200088263,,,,
1791,Dec,0.104838501,,,,
1792,Jan,0.063445816,,,,
1792,Feb,0.080022631,,,,
1792,Mar,-0.342791244,,,,
1792,Apr,-0.315621894,,,,
1792,May,-0.042283181,,,,
1792,Jun,-0.547173968,,,,
1792,Jul,-0.017346362,,,,
1792,Aug,-0.113121259,,,,
1792,Sep,-0.024165231,,,,
1792,Oct,-0.01141454,,,,
1792,Nov,-0.048326624,,,,
1792,Dec,0.079670338,,,,
1793,Jan,0.238332388,,,,
1793,Feb,0.371684328,,,,
1793,Mar,0.015062124,,,,
1793,Apr,-0.364748349,,,,
1793,May,-0.214093595,,,,
1793,Jun,-0.515850792,,,,
1793,Jul,-0.063519345,,,,
1793,Aug,-0.070412532,,,,
1793,Sep,-0.153808176,,,,
1793,Oct,0.052212084,,,,
1793,Nov,0.052616917,,,,
1793,Dec,0.102041135,,,,
1794,Jan,0.207819925,,,,
1794,Feb,0.24037595,,,,
1794,Mar,0.111851401,,,,
1794,Apr,-0.116946208,,,,
1794,May,-0.182437622,,,,
1794,Jun,-0.400575455,,,,
1794,Jul,-0.303753016,,,,
1794,Aug,-0.030115111,,,,
1794,Sep,-0.112375361,,,,
1794,Oct,0.056203309,,,,
1794,Nov,0.024686257,,,,
1794,Dec,0.073000548,,,,
1795,Jan,0.200423837,,,,
1795,Feb,0.281251347,,,,
1795,Mar,-0.036350022,,,,
1795,Apr,0.030996401,,,,
1795,May,-0.380043657,,,,
1795,Jun,-0.837697025,,,,
1795,Jul,-0.239577517,,,,
1795,Aug,-0.364516253,,,,
1795,Sep,0.119623895,,,,
1795,Oct,-0.177993711,,,,
1795,Nov,0.149868897,,,,
1795,Dec,0.117467011,,,,
1796,Jan,0.310318826,,,,
1796,Feb,0.053699196,,,,
1796,Mar,-0.249959364,,,,
1796,Apr,-0.048982167,,,,
1796,May,-0.098272324,,,,
1796,Jun,-0.279564344,,,,
1796,Jul,-0.064351417,,,,
1796,Aug,0.067676156,,,,
1796,Sep,-0.162587423,,,,
1796,Oct,0.040729686,,,,
1796,Nov,0.111842154,,,,
1796,Dec,0.067431437,,,,
1797,Jan,-0.062856074,,,,
1797,Feb,0.377603977,,,,
1797,Mar,0.230414993,,,,
1797,Apr,-0.98642256,,,,
1797,May,-0.37636148,,,,
1797,Jun,-0.651197223,,,,
1797,Jul,0.147475695,,,,
1797,Aug,-0.263570321,,,,
1797,Sep,0.216561222,,,,
1797,Oct,-0.189886724,,,,
1797,Nov,0.06537142,,,,
1797,Dec,0.120553251,,,,
1798,Jan,-0.084624907,,,,
1798,Feb,0.159260027,,,,
1798,Mar,0.147116192,,,,
1798,Apr,-0.253443347,,,,
1798,May,0.018933219,,,,
1798,Jun,-0.262945679,,,,
1798,Jul,-0.382574463,,,,
1798,Aug,-0.019568401,,,,
1798,Sep,0.058170676,,,,
1798,Oct,0.080462753,,,,
1798,Nov,0.089113109,,,,
1798,Dec,0.006261438,,,,
1799,Jan,0.053546273,,,,
1799,Feb,0.128900164,,,,
1799,Mar,-0.257600015,,,,
1799,Apr,-0.161678447,,,,
1799,May,0.110865109,,,,
1799,Jun,-0.091888824,,,,
1799,Jul,-0.088266705,,,,
1799,Aug,-0.242752364,,,,
1799,Sep,0.091583121,,,,
1799,Oct,0.043327185,,,,
1799,Nov,-0.131148372,,,,
1799,Dec,0.276027727,,,,
1800,Jan,0.0286726,,,,
1800,Feb,0.234750838,,,,
1800,Mar,0.138766936,,,,
1800,Apr,-0.459381678,,,,
1800,May,-0.117639498,,,,
1800,Jun,-0.370222496,,,,
1800,Jul,-0.498055162,,,,
1800,Aug,0.024823584,,,,
1800,Sep,-0.226625639,,,,
1800,Oct,0.236410734,,,,
1800,Nov,0.204869856,,,,
1800,Dec,0.252777323,,,,
1801,Jan,0.081171144,,,,
1801,Feb,-0.109369255,,,,
1801,Mar,-0.136292654,,,,
1801,Apr,-0.122052214,,,,
1801,May,-0.037345177,,,,
1801,Jun,-0.365851106,,,,
1801,Jul,-0.108227552,,,,
1801,Aug,-0.122107475,,,,
1801,Sep,-0.211550714,,,,
1801,Oct,-0.120698878,,,,
1801,Nov,-0.056484407,,,,
1801,Dec,0.356161411,,,,
1802,Jan,0.12812319,,,,
1802,Feb,0.107319795,,,,
1802,Mar,0.222055247,,,,
1802,Apr,-0.105619722,,,,
1802,May,-0.353826199,,,,
1802,Jun,-0.151716277,,,,
1802,Jul,-0.457625114,,,,
1802,Aug,-0.198521501,,,,
1802,Sep,0.153523749,,,,
1802,Oct,0.161671048,,,,
1802,Nov,0.08913969,,,,
1802,Dec,0.229665963,,,,
1803,Jan,-0.115407421,,,,
1803,Feb,0.259637311,,,,
1803,Mar,-0.057262484,,,,
1803,Apr,-0.11412842,,,,
1803,May,-0.941544953,,,,
1803,Jun,-0.10411047,,,,
1803,Jul,-0.37083557,,,,
1803,Aug,-0.084947275,,,,
1803,Sep,-0.004339443,,,,
1803,Oct,0.118073963,,,,
1803,Nov,-0.317526757,,,,
1803,Dec,0.066974523,,,,
1804,Jan,0.221955912,,,,
1804,Feb,-0.023155314,,,,
1804,Mar,0.009510719,,,,
1804,Apr,0.214619052,,,,
1804,May,-0.088204,,,,
1804,Jun,-0.436552166,,,,
1804,Jul,-0.253851191,,,,
1804,Aug,-0.103669872,,,,
1804,Sep,-0.116549014,,,,
1804,Oct,0.115687475,,,,
1804,Nov,0.239296456,,,,
1804,Dec,0.170878635,,,,
1805,Jan,0.013032874,,,,
1805,Feb,0.151597499,,,,
1805,Mar,0.146035248,,,,
1805,Apr,-0.171471061,,,,
1805,May,-0.26094168,,,,
1805,Jun,-0.128943774,,,,
1805,Jul,-0.870789291,,,,
1805,Aug,-0.067561851,,,,
1805,Sep,-0.029833486,,,,
1805,Oct,0.321465965,,,,
1805,Nov,0.121678941,,,,
1805,Dec,-0.233211061,,,,
1806,Jan,0.034716152,,,,
1806,Feb,0.267635067,,,,
1806,Mar,-0.355311619,,,,
1806,Apr,-0.164979921,,,,
1806,May,-0.664253853,,,,
1806,Jun,0,,,,
1806,Jul,-0.224665953,,,,
1806,Aug,-0.315214838,,,,
1806,Sep,0.00656772,,,,
1806,Oct,0.299455289,,,,
1806,Nov,0.050621237,,,,
1806,Dec,0.077826192,,,,
1807,Jan,0.442447071,,,,
1807,Feb,0.032388288,,,,
1807,Mar,-0.05488956,,,,
1807,Apr,-0.603153107,,,,
1807,May,-0.293960725,,,,
1807,Jun,-0.590150634,,,,
1807,Jul,-0.077958792,,,,
1807,Aug,0.169283644,,,,
1807,Sep,0.068931299,,,,
1807,Oct,-0.042219153,,,,
1807,Nov,0.010631731,,,,
1807,Dec,0.109527945,,,,
1808,Jan,0.226519003,,,,
1808,Feb,0.235142994,,,,
1808,Mar,-0.096776876,,,,
1808,Apr,-0.220028536,,,,
1808,May,-0.092341066,,,,
1808,Jun,-0.316797843,,,,
1808,Jul,-0.208028258,,,,
1808,Aug,-0.170593257,,,,
1808,Sep,0.072725063,,,,
1808,Oct,0.114844279,,,,
1808,Nov,0.026918279,,,,
1808,Dec,-0.112260896,,,,
1809,Jan,0.003156632,,,,
1809,Feb,0.148851286,,,,
1809,Mar,-0.117201126,,,,
1809,Apr,0.314443994,,,,
1809,May,-0.000885412,,,,
1809,Jun,-0.031723809,,,,
1809,Jul,-0.216595228,,,,
1809,Aug,-0.119685215,,,,
1809,Sep,-0.18370981,,,,
1809,Oct,-0.371666359,,,,
1809,Nov,-0.193726619,,,,
1809,Dec,-0.09969982,,,,
1810,Jan,0.141642459,,,,
1810,Feb,0.14057545,,,,
1810,Mar,0.427365006,,,,
1810,Apr,0.130322824,,,,
1810,May,-0.127554705,,,,
1810,Jun,0,,,,
1810,Jul,-0.572339052,,,,
1810,Aug,-0.197969368,,,,
1810,Sep,0.092615886,,,,
1810,Oct,0.10519621,,,,
1810,Nov,0.068940361,,,,
1810,Dec,0.045672393,,,,
1811,Jan,0.157351906,,,,
1811,Feb,0.154957557,,,,
1811,Mar,-0.025706721,,,,
1811,Apr,-0.015365193,,,,
1811,May,-0.164278653,,,,
1811,Jun,0.053638578,,,,
1811,Jul,-0.303024542,,,,
1811,Aug,-0.098904559,,,,
1811,Sep,0.063093149,,,,
1811,Oct,0.23424264,,,,
1811,Nov,-0.125400011,,,,
1811,Dec,-0.015236779,,,,
1812,Jan,0.177808211,,,,
1812,Feb,0.101295456,,,,
1812,Mar,0.063864859,,,,
1812,Apr,-0.134991458,,,,
1812,May,-0.414615875,,,,
1812,Jun,-0.428252345,,,,
1812,Jul,-0.429227206,,,,
1812,Aug,0.107335118,,,,
1812,Sep,0.063952015,,,,
1812,Oct,0.032040355,,,,
1812,Nov,0.201531082,,,,
1812,Dec,-0.148501459,,,,
1813,Jan,0.060262902,,,,
1813,Feb,0.187825664,,,,
1813,Mar,0.227694097,,,,
1813,Apr,-0.054559433,,,,
1813,May,-0.449817027,,,,
1813,Jun,-0.147622508,,,,
1813,Jul,-0.663225892,,,,
1813,Aug,-0.193893551,,,,
1813,Sep,-0.041701497,,,,
1813,Oct,0.148921714,,,,
1813,Nov,0.28810089,,,,
1813,Dec,0.116190281,,,,
1814,Jan,0.116190281,,,,
1814,Feb,0.023790126,,,,
1814,Mar,-0.117892925,,,,
1814,Apr,-0.115701058,,,,
1814,May,0.089983846,,,,
1814,Jun,-0.14195644,,,,
1814,Jul,-0.235378125,,,,
1814,Aug,-0.448724719,,,,
1814,Sep,0.144285244,,,,
1814,Oct,-0.119672132,,,,
1814,Nov,0.21992578,,,,
1814,Dec,0.235760592,,,,
1815,Jan,0.184258903,,,,
1815,Feb,0.01218109,,,,
1815,Mar,-0.24049477,,,,
1815,Apr,-0.521876912,,,,
1815,May,-0.18315682,,,,
1815,Jun,-0.877588946,,,,
1815,Jul,-0.280383226,,,,
1815,Aug,0.071799292,,,,
1815,Sep,0.117894803,,,,
1815,Oct,0.270652089,,,,
1815,Nov,0.227891794,,,,
1815,Dec,0.076062555,,,,
1816,Jan,0.06724155,,,,
1816,Feb,0.033867616,,,,
1816,Mar,-0.179245927,,,,
1816,Apr,-0.035921821,,,,
1816,May,-0.455496333,,,,
1816,Jun,-0.441255894,,,,
1816,Jul,-0.012283564,,,,
1816,Aug,0.143976273,,,,
1816,Sep,0.026218924,,,,
1816,Oct,0.053621824,,,,
1816,Nov,0.218242262,,,,
1816,Dec,-0.172167232,,,,
1817,Jan,-0.172167232,,,,
1817,Feb,0.365699736,,,,
1817,Mar,-0.048980552,,,,
1817,Apr,-0.025088233,,,,
1817,May,-0.171052823,,,,
1817,Jun,-0.347287537,,,,
1817,Jul,-0.241805307,,,,
1817,Aug,-0.532339759,,,,
1817,Sep,0.110059317,,,,
1817,Oct,0.122402106,,,,
1817,Nov,0.239350715,,,,
1817,Dec,0.190528086,,,,
1818,Jan,-0.052509963,,,,
1818,Feb,0.088603713,,,,
1818,Mar,-0.200858457,,,,
1818,Apr,-0.679161945,,,,
1818,May,-0.413828437,,,,
1818,Jun,-0.237684114,,,,
1818,Jul,-0.153194606,,,,
1818,Aug,-0.11004162,,,,
1818,Sep,0.14120088,,,,
1818,Oct,0.098615205,,,,
1818,Nov,0.076845948,,,,
1818,Dec,0.079613876,,,,
1819,Jan,0.136129052,,,,
1819,Feb,-0.038072225,,,,
1819,Mar,0.24446458,,,,
1819,Apr,-0.063678345,,,,
1819,May,-0.135741408,,,,
1819,Jun,-0.179492916,,,,
1819,Jul,-0.27372067,,,,
1819,Aug,0.02093302,,,,
1819,Sep,0.146830151,,,,
1819,Oct,0.062696241,,,,
1819,Nov,0.019914014,,,,
1819,Dec,0.200496606,,,,
1820,Jan,0.229110386,,,,
1820,Feb,-0.315957186,,,,
1820,Mar,0.095964663,,,,
1820,Apr,-0.38374394,,,,
1820,May,-0.378242384,,,,
1820,Jun,0,,,,
1820,Jul,-0.033512337,,,,
1820,Aug,-0.493550187,,,,
1820,Sep,0.08607362,,,,
1820,Oct,0.011293766,,,,
1820,Nov,-0.428307762,,,,
1820,Dec,0.18102157,,,,
1821,Jan,0.082806841,,,,
1821,Feb,0.326582859,,,,
1821,Mar,0.054550629,,,,
1821,Apr,-0.052599651,,,,
1821,May,0.125045436,,,,
1821,Jun,-0.124618088,,,,
1821,Jul,-0.260498869,,,,
1821,Aug,-0.025200173,,,,
1821,Sep,-0.084569758,,,,
1821,Oct,-0.084152316,,,,
1821,Nov,0.004985572,,,,
1821,Dec,0.170588222,,,,
1822,Jan,-0.013917183,,,,
1822,Feb,0.254486529,,,,
1822,Mar,0.01788812,,,,
1822,Apr,-0.39868432,,,,
1822,May,0.078412146,,,,
1822,Jun,-0.565509142,,,,
1822,Jul,-0.389130912,,,,
1822,Aug,-0.097839648,,,,
1822,Sep,0.081958652,,,,
1822,Oct,-0.205957962,,,,
1822,Nov,0.104682287,,,,
1822,Dec,0.081618051,,,,
1823,Jan,0.072684642,,,,
1823,Feb,0.284505847,,,,
1823,Mar,0.147608363,,,,
1823,Apr,-0.336628402,,,,
1823,May,0.08444904,,,,
1823,Jun,-0.328074516,,,,
1823,Jul,-0.245404943,,,,
1823,Aug,-0.228630491,,,,
1823,Sep,0.254009692,,,,
1823,Oct,-0.095582361,,,,
1823,Nov,-0.02428489,,,,
1823,Dec,0.150826602,,,,
1824,Jan,-0.096710291,,,,
1824,Feb,0.162951198,,,,
1824,Mar,-0.238709258,,,,
1824,Apr,-0.127667633,,,,
1824,May,-0.335061904,,,,
1824,Jun,-0.032813007,,,,
1824,Jul,0.063686596,,,,
1824,Aug,0.017356268,,,,
1824,Sep,-0.075769744,,,,
1824,Oct,-0.110128559,,,,
1824,Nov,0.260073926,,,,
1824,Dec,0.021997891,,,,
1825,Jan,0.191182378,,,,
1825,Feb,0.22739358,,,,
1825,Mar,-0.013468397,,,,
1825,Apr,-0.166159396,,,,
1825,May,-0.250175118,,,,
1825,Jun,-0.438064835,,,,
1825,Jul,-0.240080652,,,,
1825,Aug,-0.003285484,,,,
1825,Sep,-0.188939895,,,,
1825,Oct,0.104375155,,,,
1825,Nov,-0.030896187,,,,
1825,Dec,0.338348795,,,,
1826,Jan,-0.182962996,,,,
1826,Feb,0.334476167,,,,
1826,Mar,0.010960034,,,,
1826,Apr,-0.020557017,,,,
1826,May,-0.203401309,,,,
1826,Jun,0,,,,
1826,Jul,-0.645543124,,,,
1826,Aug,-0.282960007,,,,
1826,Sep,-0.101187036,,,,
1826,Oct,0.11471022,,,,
1826,Nov,0.167790413,,,,
1826,Dec,0.110929998,,,,
1827,Jan,0.231863866,,,,
1827,Feb,0.236616739,,,,
1827,Mar,0.07301167,,,,
1827,Apr,-0.05105059,,,,
1827,May,-0.037151696,,,,
1827,Jun,-0.938688394,,,,
1827,Jul,-0.24168678,,,,
1827,Aug,-0.944786118,,,,
1827,Sep,-0.074162384,,,,
1827,Oct,-0.234530859,,,,
1827,Nov,0.307218126,,,,
1827,Dec,0.061236883,,,,
1828,Jan,0.323321845,,,,
1828,Feb,0.244837863,,,,
1828,Mar,0.10817311,,,,
1828,Apr,-0.471362246,,,,
1828,May,-0.36848014,,,,
1828,Jun,-0.346160532,,,,
1828,Jul,-0.504634017,,,,
1828,Aug,-0.008218453,,,,
1828,Sep,0.222864513,,,,
1828,Oct,-0.079683611,,,,
1828,Nov,0.240056694,,,,
1828,Dec,0.234600531,,,,
1829,Jan,0.181630514,,,,
1829,Feb,-0.012806998,,,,
1829,Mar,0.033939787,,,,
1829,Apr,-0.543650895,,,,
1829,May,-0.557891334,,,,
1829,Jun,-0.854909761,,,,
1829,Jul,-0.25216168,,,,
1829,Aug,-0.577794883,,,,
1829,Sep,0.204131101,,,,
1829,Oct,-0.025099102,,,,
1829,Nov,0.318915581,,,,
1829,Dec,0.137409608,,,,
1830,Jan,0.326465844,,,,
1830,Feb,0.103587492,,,,
1830,Mar,-0.306414389,,,,
1830,Apr,0.018189828,,,,
1830,May,-0.431055146,,,,
1830,Jun,-0.870197517,,,,
1830,Jul,-0.592751575,,,,
1830,Aug,-0.175918886,,,,
1830,Sep,0.134039536,,,,
1830,Oct,0.028795351,,,,
1830,Nov,0.148319888,,,,
1830,Dec,0.189069493,,,,
1831,Jan,0.163180677,,,,
1831,Feb,0.073631734,,,,
1831,Mar,0.138458139,,,,
1831,Apr,-0.387679544,,,,
1831,May,-0.151649839,,,,
1831,Jun,-0.122070203,,,,
1831,Jul,-0.132516706,,,,
1831,Aug,0.226004709,,,,
1831,Sep,0.015615383,,,,
1831,Oct,-0.069855753,,,,
1831,Nov,-0.0510426,,,,
1831,Dec,0.182355281,,,,
1832,Jan,-0.104208605,,,,
1832,Feb,0.197591903,,,,
1832,Mar,-0.116858284,,,,
1832,Apr,-0.318713672,,,,
1832,May,-0.224511233,,,,
1832,Jun,-0.272496422,,,,
1832,Jul,-0.18037419,,,,
1832,Aug,-0.300540931,,,,
1832,Sep,0.03327493,,,,
1832,Oct,0.097438122,,,,
1832,Nov,0.381170846,,,,
1832,Dec,0.070794016,,,,
1833,Jan,0.112186701,,,,
1833,Feb,-0.052499494,,,,
1833,Mar,0.004242967,,,,
1833,Apr,-0.253257214,,,,
1833,May,-0.071127369,,,,
1833,Jun,-0.324948668,,,,
1833,Jul,-0.038159111,,,,
1833,Aug,-0.175353404,,,,
1833,Sep,0.089450249,,,,
1833,Oct,0.044077248,,,,
1833,Nov,0.01368461,,,,
1833,Dec,-0.038650119,,,,
1834,Jan,0.097333373,,,,
1834,Feb,0.287297271,,,,
1834,Mar,0.219612513,,,,
1834,Apr,-0.155143723,,,,
1834,May,-0.15875384,,,,
1834,Jun,-0.162662517,,,,
1834,Jul,-0.423367795,,,,
1834,Aug,-0.264016269,,,,
1834,Sep,-0.219666802,,,,
1834,Oct,-0.036165064,,,,
1834,Nov,0.209245228,,,,
1834,Dec,0.054079398,,,,
1835,Jan,0.287606668,,,,
1835,Feb,0.087124233,,,,
1835,Mar,0.088034313,,,,
1835,Apr,0.102274752,,,,
1835,May,-0.972274487,,,,
1835,Jun,-0.013131418,,,,
1835,Jul,-0.130535848,,,,
1835,Aug,-0.228556678,,,,
1835,Sep,0.02563422,,,,
1835,Oct,-0.097890644,,,,
1835,Nov,0.139697162,,,,
1835,Dec,0.072461175,,,,
1836,Jan,-0.235871746,,,,
1836,Feb,-0.669781615,,,,
1836,Mar,-0.482926948,,,,
1836,Apr,-0.00369461,,,,
1836,May,0.032707386,,,,
1836,Jun,0.041473654,,,,
1836,Jul,-0.365782844,,,,
1836,Aug,0.187625318,,,,
1836,Sep,-0.18648008,,,,
1836,Oct,0.118545648,,,,
1836,Nov,0.124673206,,,,
1836,Dec,0.064496983,,,,
1837,Jan,0.254362217,,,,
1837,Feb,0.197108239,,,,
1837,Mar,0.042507548,,,,
1837,Apr,-0.126208574,,,,
1837,May,-0.316540272,,,,
1837,Jun,-0.45681395,,,,
1837,Jul,-0.449100191,,,,
1837,Aug,-0.038467015,,,,
1837,Sep,-0.287572992,,,,
1837,Oct,0.272938445,,,,
1837,Nov,0.085144193,,,,
1837,Dec,-0.008429301,,,,
1838,Jan,-0.125649054,,,,
1838,Feb,0.399564513,,,,
1838,Mar,-0.008692151,,,,
1838,Apr,-0.170542971,,,,
1838,May,-0.310796535,,,,
1838,Jun,-0.120464837,,,,
1838,Jul,-0.448806482,,,,
1838,Aug,-0.086594615,,,,
1838,Sep,-0.219561188,,,,
1838,Oct,-0.175247894,,,,
1838,Nov,0.098090445,,,,
1838,Dec,0.109828209,,,,
1839,Jan,0.396406653,,,,
1839,Feb,-0.025797535,,,,
1839,Mar,0.165403424,,,,
1839,Apr,-0.158820233,,,,
1839,May,-0.190077483,,,,
1839,Jun,-0.335545711,,,,
1839,Jul,-0.359383704,,,,
1839,Aug,-0.004526085,,,,
1839,Sep,0.136238393,,,,
1839,Oct,-0.006262563,,,,
1839,Nov,0.149430917,,,,
1839,Dec,0.122211025,,,,
1840,Jan,-0.208782194,,,,
1840,Feb,0.314320997,,,,
1840,Mar,0.018953911,,,,
1840,Apr,-0.323608818,,,,
1840,May,-0.008526755,,,,
1840,Jun,-0.340029949,,,,
1840,Jul,-0.248690278,,,,
1840,Aug,-0.002135205,,,,
1840,Sep,-0.091337324,,,,
1840,Oct,0.156909007,,,,
1840,Nov,0.199178169,,,,
1840,Dec,-0.141744756,,,,
1841,Jan,0.100117281,,,,
1841,Feb,0.144320943,,,,
1841,Mar,0.204690225,,,,
1841,Apr,-0.241912018,,,,
1841,May,-0.611984477,,,,
1841,Jun,-0.421652779,,,,
1841,Jul,-0.156427351,,,,
1841,Aug,0.015476655,,,,
1841,Sep,-0.288906315,,,,
1841,Oct,-0.183122907,,,,
1841,Nov,0.326564201,,,,
1841,Dec,0.164768823,,,,
1842,Jan,0.181685065,,,,
1842,Feb,-0.205683505,,,,
1842,Mar,0.023539025,,,,
1842,Apr,-0.154910299,,,,
1842,May,-0.209267225,,,,
1842,Jun,-0.174762934,,,,
1842,Jul,-0.037434403,,,,
1842,Aug,0.176762284,,,,
1842,Sep,0.107442571,,,,
1842,Oct,0.190531455,,,,
1842,Nov,-0.035792352,,,,
1842,Dec,0.057507395,,,,
1843,Jan,-0.056435957,,,,
1843,Feb,0.079851105,,,,
1843,Mar,-0.238368082,,,,
1843,Apr,0.004981823,,,,
1843,May,-0.044255546,,,,
1843,Jun,-0.139159577,,,,
1843,Jul,-0.220346805,,,,
1843,Aug,-0.126921489,,,,
1843,Sep,0.057773463,,,,
1843,Oct,0.094122184,,,,
1843,Nov,-0.020851774,,,,
1843,Dec,0.078851139,,,,
1844,Jan,0.226747749,,,,
1844,Feb,0.132826343,,,,
1844,Mar,0.012464014,,,,
1844,Apr,-0.319202975,,,,
1844,May,-0.061043357,,,,
1844,Jun,0.078135819,,,,
1844,Jul,-0.541644586,,,,
1844,Aug,-0.406181138,,,,
1844,Sep,0.095175125,,,,
1844,Oct,-0.091980048,,,,
1844,Nov,-0.03533135,,,,
1844,Dec,0.109667077,,,,
1845,Jan,0.207233218,,,,
1845,Feb,0.323552241,,,,
1845,Mar,0.140852168,,,,
1845,Apr,-0.218012601,,,,
1845,May,-0.300702428,,,,
1845,Jun,-0.996517052,,,,
1845,Jul,-0.031440526,,,,
1845,Aug,-0.114671868,,,,
1845,Sep,-0.189295712,,,,
1845,Oct,-0.188167443,,,,
1845,Nov,0.153856722,,,,
1845,Dec,0.326702926,,,,
1846,Jan,0.096990804,,,,
1846,Feb,0.114867689,,,,
1846,Mar,0.082436524,,,,
1846,Apr,-0.037495729,,,,
1846,May,-0.259853542,,,,
1846,Jun,-0.454948232,,,,
1846,Jul,-0.039722039,,,,
1846,Aug,-0.19518556,,,,
1846,Sep,-0.205784586,,,,
1846,Oct,-0.060612198,,,,
1846,Nov,0.127525955,,,,
1846,Dec,-0.103839906,,,,
1847,Jan,0.240267934,,,,
1847,Feb,0.333565058,,,,
1847,Mar,-0.007242148,,,,
1847,Apr,-0.294031704,,,,
1847,May,-0.30380011,,,,
1847,Jun,0.011470325,,,,
1847,Jul,0.062081628,,,,
1847,Aug,-0.246202455,,,,
1847,Sep,-0.066415069,,,,
1847,Oct,0.036180522,,,,
1847,Nov,0.286034417,,,,
1847,Dec,-0.223136411,,,,
1848,Jan,0.029615713,,,,
1848,Feb,0.116521734,,,,
1848,Mar,-0.301435398,,,,
1848,Apr,-0.296436599,,,,
1848,May,0,,,,
1848,Jun,-0.078145066,,,,
1848,Jul,-0.479396302,,,,
1848,Aug,-0.35420537,,,,
1848,Sep,-0.079371148,,,,
1848,Oct,-0.085677203,,,,
1848,Nov,0.345019907,,,,
1848,Dec,0.217152856,,,,
1849,Jan,0.15532422,,,,
1849,Feb,0.087003187,,,,
1849,Mar,0.11386753,,,,
1849,Apr,-0.282604596,,,,
1849,May,-0.104427493,,,,
1849,Jun,-0.363912224,,,,
1849,Jul,0.127134901,,,,
1849,Aug,-0.007563673,,,,
1849,Sep,-0.020155624,,,,
1849,Oct,0.209637291,,,,
1849,Nov,0.000617524,,,,
1849,Dec,-0.143252078,,,,
1850,Jan,0.135320111,,,,
1850,Feb,-0.041799336,,,,
1850,Mar,0.075157806,,,,
1850,Apr,-0.353957868,,,,
1850,May,-0.460969396,,,,
1850,Jun,0.100625338,,,,
1850,Jul,-0.024206129,,,,
1850,Aug,-0.271804741,,,,
1850,Sep,0.072187625,,,,
1850,Oct,-0.02920299,,,,
1850,Nov,0.169221542,,,,
1850,Dec,0.111854464,,,,
1851,Jan,0.084600514,,,,
1851,Feb,0.113579117,,,,
1851,Mar,0.057947186,,,,
1851,Apr,-0.179239371,,,,
1851,May,-0.189599103,,,,
1851,Jun,-0.011186444,,,,
1851,Jul,-0.466998962,,,,
1851,Aug,-0.080355512,,,,
1851,Sep,-0.099398813,,,,
1851,Oct,-0.117107726,,,,
1851,Nov,0.210442108,,,,
1851,Dec,-0.445364085,,,,
1852,Jan,0.305175592,,,,
1852,Feb,0.28289421,,,,
1852,Mar,0.028846684,,,,
1852,Apr,-0.06195275,,,,
1852,May,-0.085209218,,,,
1852,Jun,-0.289733094,,,,
1852,Jul,-0.335734499,,,,
1852,Aug,-0.13383245,,,,
1852,Sep,0.151435791,,,,
1852,Oct,-0.031692567,,,,
1852,Nov,0.158104894,,,,
1852,Dec,0.141798699,,,,
1853,Jan,0.093698842,,,,
1853,Feb,0.141370603,,,,
1853,Mar,0.136372028,,,,
1853,Apr,-0.194850613,,,,
1853,May,-0.674884823,,,,
1853,Jun,-0.62780972,,,,
1853,Jul,-0.214223405,,,,
1853,Aug,-0.05462912,,,,
1853,Sep,0.135187817,,,,
1853,Oct,0.048627302,,,,
1853,Nov,0.047458729,,,,
1853,Dec,0.018809474,,,,
1854,Jan,0.106064393,,,,
1854,Feb,0.109155588,,,,
1854,Mar,0.084045367,,,,
1854,Apr,0.103357814,,,,
1854,May,-0.185467952,,,,
1854,Jun,-0.263230063,,,,
1854,Jul,-0.267811706,,,,
1854,Aug,-0.387839276,,,,
1854,Sep,0.08741999,,,,
1854,Oct,0.202903824,,,,
1854,Nov,-0.001759531,,,,
1854,Dec,-0.062542193,,,,
1855,Jan,0.124479409,,,,
1855,Feb,0.267635067,,,,
1855,Mar,0.027615307,,,,
1855,Apr,-0.0780726,,,,
1855,May,-0.834909942,,,,
1855,Jun,-0.535745115,,,,
1855,Jul,0.093144499,,,,
1855,Aug,-0.01599997,,,,
1855,Sep,0.047941333,,,,
1855,Oct,-0.180088506,,,,
1855,Nov,0.145177397,,,,
1855,Dec,-0.007914469,,,,
1856,Jan,0.020872568,,,,
1856,Feb,0.250243307,,,,
1856,Mar,0.08384365,,,,
1856,Apr,-0.321964258,,,,
1856,May,0.04536017,,,,
1856,Jun,-0.107580573,,,,
1856,Jul,-0.148333967,,,,
1856,Aug,-0.30891587,,,,
1856,Sep,0.134362812,,,,
1856,Oct,-0.035891887,,,,
1856,Nov,0.119330254,,,,
1856,Dec,0.196575402,,,,
1857,Jan,0.150399116,,,,
1857,Feb,0.065193956,,,,
1857,Mar,-0.028549019,,,,
1857,Apr,-0.002476093,,,,
1857,May,-0.673781314,,,,
1857,Jun,-0.499019451,,,,
1857,Jul,0.069918029,,,,
1857,Aug,-0.215914393,,,,
1857,Sep,0.000325342,,,,
1857,Oct,-0.010395877,,,,
1857,Nov,0.252944819,,,,
1857,Dec,0.00458246,,,,
1858,Jan,0.279572984,,,,
1858,Feb,0.239633371,,,,
1858,Mar,-0.081339091,,,,
1858,Apr,-0.344225084,,,,
1858,May,-0.463120428,,,,
1858,Jun,-0.269125861,,,,
1858,Jul,-0.088007108,,,,
1858,Aug,0.03121801,,,,
1858,Sep,-0.165682771,,,,
1858,Oct,-0.07088773,,,,
1858,Nov,-0.069171167,,,,
1858,Dec,-0.049566664,,,,
1859,Jan,0.115543305,,,,
1859,Feb,0.195135407,,,,
1859,Mar,-0.105374996,,,,
1859,Apr,-0.100806248,,,,
1859,May,0.125649564,,,,
1859,Jun,-0.149773902,,,,
1859,Jul,-0.055307023,,,,
1859,Aug,0.187731025,,,,
1859,Sep,-0.1601883,,,,
1859,Oct,0.031566257,,,,
1859,Nov,0.099435244,,,,
1859,Dec,0.077069825,,,,
1860,Jan,0.026869196,,,,
1860,Feb,0.068860008,,,,
1860,Mar,0.108273545,,,,
1860,Apr,-0.405137072,,,,
1860,May,-0.400605248,,,,
1860,Jun,-0.013403694,,,,
1860,Jul,-0.178596604,,,,
1860,Aug,0.062516055,,,,
1860,Sep,-0.039073246,,,,
1860,Oct,-0.146866004,,,,
1860,Nov,0.080423863,,,,
1860,Dec,0.107576109,,,,
1861,Jan,0.172316254,,,,
1861,Feb,0.141846735,,,,
1861,Mar,0.320278361,,,,
1861,Apr,-0.160746447,,,,
1861,May,-0.45132337,,,,
1861,Jun,-0.927235499,,,,
1861,Jul,-0.335254867,,,,
1861,Aug,-0.238344854,,,,
1861,Sep,-0.224104415,,,,
1861,Oct,0.343797824,,,,
1861,Nov,0.21670911,,,,
1861,Dec,0.079739984,,,,
1862,Jan,0.137015654,,,,
1862,Feb,0.093846536,,,,
1862,Mar,0.037638182,,,,
1862,Apr,-0.276800526,,,,
1862,May,-0.252332814,,,,
1862,Jun,-0.15470734,,,,
1862,Jul,-0.139345923,,,,
1862,Aug,-0.027341517,,,,
1862,Sep,0.11411364,,,,
1862,Oct,-0.091141599,,,,
1862,Nov,0.084289616,,,,
1862,Dec,-0.55276958,,,,
1863,Jan,0.142723358,,,,
1863,Feb,0.339810259,,,,
1863,Mar,0.122932754,,,,
1863,Apr,-0.040294595,,,,
1863,May,0.022103266,,,,
1863,Jun,-0.174029422,,,,
1863,Jul,-0.444511039,,,,
1863,Aug,-0.181514659,,,,
1863,Sep,-0.072271099,,,,
1863,Oct,0.078546379,,,,
1863,Nov,0.272122793,,,,
1863,Dec,-0.067069023,,,,
1864,Jan,0.046677753,,,,
1864,Feb,0.174513196,,,,
1864,Mar,-0.075695754,,,,
1864,Apr,-0.19851336,,,,
1864,May,-0.425641016,,,,
1864,Jun,-0.076322544,,,,
1864,Jul,0.146229549,,,,
1864,Aug,-0.241454399,,,,
1864,Sep,-0.017782133,,,,
1864,Oct,0.144068687,,,,
1864,Nov,0.158309126,,,,
1864,Dec,-0.224606021,,,,
1865,Jan,0.018432028,,,,
1865,Feb,0.006613816,,,,
1865,Mar,-0.012784635,,,,
1865,Apr,-0.179546497,,,,
1865,May,-0.158625708,,,,
1865,Jun,-0.14003778,,,,
1865,Jul,-0.06191375,,,,
1865,Aug,0.083876929,,,,
1865,Sep,0.113085285,,,,
1865,Oct,0.253293308,,,,
1865,Nov,-0.101018319,,,,
1865,Dec,0.071367449,,,,
1866,Jan,0.157395713,,,,
1866,Feb,0.066900801,,,,
1866,Mar,-0.00816911,,,,
1866,Apr,-0.538287759,,,,
1866,May,-0.531757611,,,,
1866,Jun,-0.033005232,,,,
1866,Jul,-0.098398193,,,,
1866,Aug,-0.0543999,,,,
1866,Sep,0.272724857,,,,
1866,Oct,0.080073021,,,,
1866,Nov,-0.248342475,,,,
1866,Dec,0.025462722,,,,
1867,Jan,0.204006456,,,,
1867,Feb,0.170753883,,,,
1867,Mar,0.140613872,,,,
1867,Apr,-0.257730172,,,,
1867,May,-0.09372734,,,,
1867,Jun,-0.920258012,,,,
1867,Jul,-0.139179176,,,,
1867,Aug,-0.157356015,,,,
1867,Sep,0.212352006,,,,
1867,Oct,-0.054643868,,,,
1867,Nov,-0.033757613,,,,
1867,Dec,0.156121931,,,,
1868,Jan,-0.177164575,,,,
1868,Feb,-0.074715537,,,,
1868,Mar,-0.052106712,,,,
1868,Apr,-0.24075465,,,,
1868,May,-0.055017852,,,,
1868,Jun,-0.169074866,,,,
1868,Jul,0.000682761,,,,
1868,Aug,-0.030773372,,,,
1868,Sep,0.13007617,,,,
1868,Oct,0.06137449,,,,
1868,Nov,0.184298842,,,,
1868,Dec,0.143768624,,,,
1869,Jan,0.008264241,,,,
1869,Feb,0.061064697,,,,
1869,Mar,0.063763034,,,,
1869,Apr,0.023611219,,,,
1869,May,-0.160512894,,,,
1869,Jun,-0.434185202,,,,
1869,Jul,-0.182227294,,,,
1869,Aug,-0.331740527,,,,
1869,Sep,0.024922593,,,,
1869,Oct,0.062172764,,,,
1869,Nov,0.180575691,,,,
1869,Dec,0.04970084,,,,
1870,Jan,0.150640834,,,,
1870,Feb,0.15182532,,,,
1870,Mar,-0.030598116,,,,
1870,Apr,-0.009330445,,,,
1870,May,-0.549864104,,,,
1870,Jun,-0.306688501,,,,
1870,Jul,-0.012929241,,,,
1870,Aug,0.07692088,,,,
1870,Sep,-0.017533035,,,,
1870,Oct,0.127927369,,,,
1870,Nov,0.153911575,,,,
1870,Dec,-0.020029707,,,,
1871,Jan,0.079190646,,,,
1871,Feb,0.064800233,,,,
1871,Mar,0.07487011,,,,
1871,Apr,-0.095831755,,,,
1871,May,-0.469948574,,,,
1871,Jun,-0.652424228,,,,
1871,Jul,-0.513356788,,,,
1871,Aug,-0.001436652,,,,
1871,Sep,0.21816495,,,,
1871,Oct,0.020017221,,,,
1871,Nov,0.2517123,,,,
1871,Dec,0.14126004,,,,
1872,Jan,0.104448034,,,,
1872,Feb,-0.068227251,,,,
1872,Mar,0.162439981,,,,
1872,Apr,-0.231959488,,,,
1872,May,-0.12126119,,,,
1872,Jun,-0.393671972,,,,
1872,Jul,-0.217437721,,,,
1872,Aug,-0.150490931,,,,
1872,Sep,0.03141794,,,,
1872,Oct,0.017177501,,,,
1872,Nov,0.11207468,,,,
1872,Dec,-0.00690111,,,,
1873,Jan,0.081417554,,,,
1873,Feb,0.177421277,,,,
1873,Mar,0.112215862,,,,
1873,Apr,0.039316756,,,,
1873,May,-0.194536365,,,,
1873,Jun,-0.120089045,,,,
1873,Jul,-0.197130077,,,,
1873,Aug,0.020788795,,,,
1873,Sep,-0.105052117,,,,
1873,Oct,0.040807127,,,,
1873,Nov,-0.034762106,,,,
1873,Dec,0.085696029,,,,
1874,Jan,0.280540607,,,,
1874,Feb,0.094387858,,,,
1874,Mar,-0.015088671,,,,
1874,Apr,-0.132533388,,,,
1874,May,-0.136984656,,,,
1874,Jun,-0.233823693,,,,
1874,Jul,0.101574875,,,,
1874,Aug,-0.948032411,,,,
1874,Sep,-0.030701985,,,,
1874,Oct,0.109991323,,,,
1874,Nov,-0.054181036,,,,
1874,Dec,0.141329153,,,,
1875,Jan,-0.107555408,,,,
1875,Feb,0.299941733,,,,
1875,Mar,-0.081044251,,,,
1875,Apr,-0.335657374,,,,
1875,May,-0.287926081,,,,
1875,Jun,-0.514390635,,,,
1875,Jul,0.129791239,,,,
1875,Aug,-0.085832134,,,,
1875,Sep,0.115034253,,,,
1875,Oct,0.215253626,,,,
1875,Nov,-0.007437209,,,,
1875,Dec,0.042409487,,,,
1876,Jan,0.004373856,,,,
1876,Feb,0.126335444,,,,
1876,Mar,0.183105039,,,,
1876,Apr,-0.140805245,,,,
1876,May,-0.308021003,,,,
1876,Jun,-0.35416045,,,,
1876,Jul,0.059149119,,,,
1876,Aug,0.065576716,,,,
1876,Sep,0.008876356,,,,
1876,Oct,0.07328438,,,,
1876,Nov,-0.209800094,,,,
1876,Dec,0.00142413,,,,
1877,Jan,0.050386485,,,,
1877,Feb,0.267904212,,,,
1877,Mar,-0.041147816,,,,
1877,Apr,-0.031138818,,,,
1877,May,-0.245404943,,,,
1877,Jun,-0.469691965,,,,
1877,Jul,-0.483932404,,,,
1877,Aug,0.08431585,,,,
1877,Sep,0.16846588,,,,
1877,Oct,0.067660232,,,,
1877,Nov,0.040507986,,,,
1877,Dec,-0.007025995,,,,
1878,Jan,-0.010690237,,,,
1878,Feb,-0.080702759,,,,
1878,Mar,0.273033587,,,,
1878,Apr,-0.134541495,,,,
1878,May,0.094256115,,,,
1878,Jun,-0.432240018,,,,
1878,Jul,-0.138928934,,,,
1878,Aug,0.005994716,,,,
1878,Sep,0.261305114,,,,
1878,Oct,0.003026455,,,,
1878,Nov,-0.073293413,,,,
1878,Dec,-0.118501251,,,,
1879,Jan,-0.111325536,,,,
1879,Feb,-0.12511382,,,,
1879,Mar,0.321061077,,,,
1879,Apr,-0.023419646,,,,
1879,May,-0.0776076,,,,
1879,Jun,-0.665427152,,,,
1879,Jul,-0.092484275,,,,
1879,Aug,0.100462425,,,,
1879,Sep,0.010516316,,,,
1879,Oct,-0.090113902,,,,
1879,Nov,-0.005299376,,,,
1879,Dec,0.125058928,,,,
1880,Jan,0.123937248,,,,
1880,Feb,0.228511135,,,,
1880,Mar,-0.152252352,,,,
1880,Apr,-0.361817093,,,,
1880,May,-0.497173345,,,,
1880,Jun,0.069595355,,,,
1880,Jul,0.096897013,,,,
1880,Aug,0.059108453,,,,
1880,Sep,-0.170918196,,,,
1880,Oct,-0.129868477,,,,
1880,Nov,0.130505794,,,,
1880,Dec,0.066809723,,,,
1881,Jan,0.163827804,,,,
1881,Feb,0.169236412,,,,
1881,Mar,0.079274319,,,,
1881,Apr,-0.928367924,,,,
1881,May,-0.168568019,,,,
1881,Jun,-0.229260217,,,,
1881,Jul,-0.32783514,,,,
1881,Aug,0.145053683,,,,
1881,Sep,0.11686727,,,,
1881,Oct,-0.052032475,,,,
1881,Nov,0.076316042,,,,
1881,Dec,-0.060772764,,,,
1882,Jan,0.139712934,,,,
1882,Feb,0.08269782,,,,
1882,Mar,0.115441591,,,,
1882,Apr,-0.174818694,,,,
1882,May,-0.749540013,,,,
1882,Jun,0.161183541,,,,
1882,Jul,0.085790009,,,,
1882,Aug,-0.115443203,,,,
1882,Sep,0.037606657,,,,
1882,Oct,0.071049215,,,,
1882,Nov,0.088690986,,,,
1882,Dec,-0.101466417,,,,
1883,Jan,0.191507221,,,,
1883,Feb,-0.078207273,,,,
1883,Mar,-0.032273306,,,,
1883,Apr,-0.243339736,,,,
1883,May,-0.197249294,,,,
1883,Jun,0.020123974,,,,
1883,Jul,-0.070726676,,,,
1883,Aug,-0.023139582,,,,
1883,Sep,0.032410087,,,,
1883,Oct,0.071695074,,,,
1883,Nov,-0.060369294,,,,
1883,Dec,0.187807225,,,,
1884,Jan,0.086554946,,,,
1884,Feb,0.191764954,,,,
1884,Mar,0.015661076,,,,
1884,Apr,-0.078035762,,,,
1884,May,-0.293141625,,,,
1884,Jun,-0.586232424,,,,
1884,Jul,-0.011284307,,,,
1884,Aug,0.080939643,,,,
1884,Sep,0.035363941,,,,
1884,Oct,-0.113711295,,,,
1884,Nov,0.114995338,,,,
1884,Dec,0.038776717,,,,
1885,Jan,-0.096266137,,,,
1885,Feb,0.146314869,,,,
1885,Mar,0.051831638,,,,
1885,Apr,-0.069275452,,,,
1885,May,0.098528705,,,,
1885,Jun,-0.258546314,,,,
1885,Jul,-0.118660647,,,,
1885,Aug,-0.193626963,,,,
1885,Sep,0.047905783,,,,
1885,Oct,-0.073854508,,,,
1885,Nov,0.050895728,,,,
1885,Dec,0.189430348,,,,
1886,Jan,0.114554572,,,,
1886,Feb,0.193422095,,,,
1886,Mar,-0.012897713,,,,
1886,Apr,-0.253310403,,,,
1886,May,-0.267550842,,,,
1886,Jun,0.095349261,,,,
1886,Jul,0.087525791,,,,
1886,Aug,-0.19739778,,,,
1886,Sep,-0.019911423,,,,
1886,Oct,0.064295394,,,,
1886,Nov,-0.059766865,,,,
1886,Dec,-0.161495328,,,,
1887,Jan,0.103102508,,,,
1887,Feb,-0.213351115,,,,
1887,Mar,0.016339712,,,,
1887,Apr,-0.124321809,,,,
1887,May,0.192430971,,,,
1887,Jun,-0.150687062,,,,
1887,Jul,-0.059305242,,,,
1887,Aug,0.122181873,,,,
1887,Sep,-0.08319433,,,,
1887,Oct,-0.02914762,,,,
1887,Nov,0.110357328,,,,
1887,Dec,-0.14568582,,,,
1888,Jan,0.127315452,,,,
1888,Feb,0.090908578,,,,
1888,Mar,0.171826264,,,,
1888,Apr,-0.038399704,,,,
1888,May,-0.363183172,,,,
1888,Jun,-0.18629919,,,,
1888,Jul,-0.048883616,,,,
1888,Aug,-0.132661689,,,,
1888,Sep,0.17556622,,,,
1888,Oct,0.145585507,,,,
1888,Nov,-0.004587149,,,,
1888,Dec,-0.061105601,,,,
1889,Jan,0.022449593,,,,
1889,Feb,-0.133092298,,,,
1889,Mar,0.053363543,,,,
1889,Apr,0.186189526,,,,
1889,May,-0.405652234,,,,
1889,Jun,-0.125649574,,,,
1889,Jul,0.001703226,,,,
1889,Aug,-0.092003288,,,,
1889,Sep,-0.10902915,,,,
1889,Oct,0.107758124,,,,
1889,Nov,0.28358952,,,,
1889,Dec,-0.15470588,,,,
1890,Jan,0.046435592,,,,
1890,Feb,0.193388524,,,,
1890,Mar,-0.103870058,,,,
1890,Apr,-0.448306102,,,,
1890,May,0.03697463,,,,
1890,Jun,0.071427391,,,,
1890,Jul,-0.131535742,,,,
1890,Aug,0.042894629,,,,
1890,Sep,0.135435235,,,,
1890,Oct,0.000646753,,,,
1890,Nov,-0.286142804,,,,
1890,Dec,-0.076443936,,,,
1891,Jan,0.06992263,,,,
1891,Feb,0.10884437,,,,
1891,Mar,-0.134197353,,,,
1891,Apr,-0.24862482,,,,
1891,May,-0.606219234,,,,
1891,Jun,-0.074839223,,,,
1891,Jul,-0.082650042,,,,
1891,Aug,-0.060431341,,,,
1891,Sep,0.227352134,,,,
1891,Oct,0.19606329,,,,
1891,Nov,-0.02700095,,,,
1891,Dec,0.215063722,,,,
1892,Jan,0.130847691,,,,
1892,Feb,-0.090066086,,,,
1892,Mar,-0.067114342,,,,
1892,Apr,-0.241436313,,,,
1892,May,-0.055494032,,,,
1892,Jun,0.019383298,,,,
1892,Jul,-0.057489217,,,,
1892,Aug,-0.095199899,,,,
1892,Sep,-0.077777235,,,,
1892,Oct,0.088736675,,,,
1892,Nov,-0.154103463,,,,
1892,Dec,0.070196017,,,,
1893,Jan,0.111588702,,,,
1893,Feb,0.021764653,,,,
1893,Mar,-0.336169758,,,,
1893,Apr,0.184973142,,,,
1893,May,-0.272578261,,,,
1893,Jun,0.027007011,,,,
1893,Jul,-0.142135389,,,,
1893,Aug,-0.009039245,,,,
1893,Sep,0.205414453,,,,
1893,Oct,-0.095721163,,,,
1893,Nov,-0.035723233,,,,
1893,Dec,-0.065800454,,,,
1894,Jan,0.184373582,,,,
1894,Feb,-0.063605789,,,,
1894,Mar,0.09561223,,,,
1894,Apr,0.08300778,,,,
1894,May,-0.092245687,,,,
1894,Jun,-0.478958888,,,,
1894,Jul,-0.035960197,,,,
1894,Aug,0.088978539,,,,
1894,Sep,0.078274911,,,,
1894,Oct,0.059994282,,,,
1894,Nov,-0.001981667,,,,
1894,Dec,0.179219811,,,,
1895,Jan,0.162911656,,,,
1895,Feb,-0.110849068,,,,
1895,Mar,-0.250523264,,,,
1895,Apr,-0.311949072,,,,
1895,May,-0.115184407,,,,
1895,Jun,-0.031482582,,,,
1895,Jul,-0.038423198,,,,
1895,Aug,-0.136382586,,,,
1895,Sep,0.1564097,,,,
1895,Oct,0.075222471,,,,
1895,Nov,-0.218916199,,,,
1895,Dec,0.161271503,,,,
1896,Jan,0.146011574,,,,
1896,Feb,0.153791516,,,,
1896,Mar,-0.26334731,,,,
1896,Apr,-0.168346916,,,,
1896,May,-0.080181553,,,,
1896,Jun,-0.344747703,,,,
1896,Jul,0.118133113,,,,
1896,Aug,0.040432169,,,,
1896,Sep,-0.043713807,,,,
1896,Oct,0.060567067,,,,
1896,Nov,0.030509266,,,,
1896,Dec,0.064200935,,,,
1897,Jan,0.149858371,,,,
1897,Feb,-0.127750969,,,,
1897,Mar,0.041849624,,,,
1897,Apr,-0.089453474,,,,
1897,May,0.016874324,,,,
1897,Jun,-0.084589256,,,,
1897,Jul,0.02464766,,,,
1897,Aug,0.105098785,,,,
1897,Sep,0.042617263,,,,
1897,Oct,-0.225561818,,,,
1897,Nov,0.121635358,,,,
1897,Dec,-0.191809352,,,,
1898,Jan,-0.044394659,,,,
1898,Feb,0.158945679,,,,
1898,Mar,0.239977369,,,,
1898,Apr,-0.056391855,,,,
1898,May,-0.429596891,,,,
1898,Jun,-0.103768591,,,,
1898,Jul,-0.266433614,,,,
1898,Aug,-0.083760704,,,,
1898,Sep,0.010602133,,,,
1898,Oct,0.018447441,,,,
1898,Nov,0.171081138,,,,
1898,Dec,0.16509846,,,,
1899,Jan,-0.053088611,,,,
1899,Feb,-0.202414093,,,,
1899,Mar,0.082390628,,,,
1899,Apr,0.034640829,,,,
1899,May,-0.037900567,,,,
1899,Jun,-0.171652965,,,,
1899,Jul,0.003713286,,,,
1899,Aug,-0.012569431,,,,
1899,Sep,-0.231902655,,,,
1899,Oct,0.087793413,,,,
1899,Nov,0.017505583,,,,
1899,Dec,0.145511095,,,,
1900,Jan,0.070515909,,,,
1900,Feb,0.187044384,,,,
1900,Mar,-0.008426953,,,,
1900,Apr,-0.263481791,,,,
1900,May,-0.00338714,,,,
1900,Jun,-0.50387511,,,,
1900,Jul,0.069858527,,,,
