1758,Jul,23.3009708738
1758,Aug,47.5247524752
1758,Sep,87.5
1758,Oct,175.280898876
1758,Nov,122.727272727
1758,Dec,153.488372093
1759,Jan,151.724137931
1759,Feb,125.0
1759,Mar,86.5979381443
1759,Apr,47.5247524752
1759,May,34.9514563107
1759,Jun,69.2307692308
1759,Jul,124.528301887
1759,Aug,52.6315789474
1759,Sep,110.924369748
1759,Oct,138.461538462
1759,Nov,91.6030534351
1759,Dec,110.638297872
1760,Jan,161.70212766
1760,Feb,128.571428571
1760,Mar,150.0
1760,Apr,41.095890411
1760,May,107.586206897
1760,Jun,50.3496503497
1760,Jul,83.9160839161
1760,Aug,78.2608695652
1760,Sep,112.230215827
1760,Oct,124.444444444
1760,Nov,69.0647482014
1760,Dec,115.555555556
1761,Jan,120.0
1761,Feb,137.142857143
1761,Mar,119.14893617
1761,Apr,77.1428571429
1761,May,77.1428571429
1761,Jun,89.7959183673
1761,Jul,77.9220779221
1761,Aug,78.431372549
1761,Sep,96.644295302
1761,Oct,114.285714286
1761,Nov,123.287671233
1761,Dec,169.014084507
1762,Jan,116.417910448
1762,Feb,109.090909091
1762,Mar,109.090909091
1762,Apr,76.1904761905
1762,May,49.1803278689
1762,Jun,30.7692307692
1762,Jul,90.5660377358
1762,Aug,118.811881188
1762,Sep,66.6666666667
1762,Oct,111.111111111
1762,Nov,115.384615385
1762,Dec,98.1818181818
1763,Jan,82.0512820513
1763,Feb,196.551724138
1763,Mar,122.033898305
1763,Apr,37.5
1763,May,98.5074626866
1763,Jun,85.7142857143
1763,Jul,60.0
1763,Aug,97.2972972973
1763,Sep,135.211267606
1763,Oct,131.506849315
1763,Nov,128.0
1763,Dec,73.9726027397
1764,Jan,138.129496403
1764,Feb,116.417910448
1764,Mar,150.0
1764,Apr,78.6885245902
1764,May,72.4137931034
1764,Jun,31.8584070796
1764,Jul,19.512195122
1764,Aug,60.0
1764,Sep,96.0
1764,Oct,101.694915254
1764,Nov,124.8
1764,Dec,180.952380952
1765,Jan,121.875
1765,Feb,166.153846154
1765,Mar,80.5970149254
1765,Apr,129.496402878
1765,May,66.2068965517
1765,Jun,40.8163265306
1765,Jul,33.3333333333
1765,Aug,83.3333333333
1765,Sep,123.287671233
1765,Oct,124.675324675
1765,Nov,123.287671233
1765,Dec,134.265734266
1766,Jan,109.090909091
1766,Feb,164.383561644
1766,Mar,138.775510204
1766,Apr,58.3333333333
1766,May,43.795620438
1766,Jun,46.1538461538
1766,Jul,68.2926829268
1766,Aug,107.317073171
1766,Sep,134.579439252
1766,Oct,109.090909091
1766,Nov,96.9696969697
1766,Dec,110.204081633
1767,Jan,159.183673469
1767,Feb,48.4848484848
1767,Mar,113.684210526
1767,Apr,84.0
1767,May,44.0366972477
1767,Jun,50.0
1767,Jul,75.0
1767,Aug,64.6153846154
1767,Sep,155.72519084
1767,Oct,163.636363636
1767,Nov,164.028776978
1767,Dec,145.714285714
1768,Jan,127.659574468
1768,Feb,42.5531914894
1768,Mar,84.5070422535
1768,Apr,126.315789474
1768,May,46.875
1768,Jun,61.0169491525
1768,Jul,82.0512820513
1768,Aug,85.7142857143
1768,Sep,80.0
1768,Oct,128.925619835
1768,Nov,94.7368421053
1768,Dec,166.956521739
1769,Jan,103.448275862
1769,Feb,133.333333333
1769,Mar,110.924369748
1769,Apr,70.0
1769,May,58.064516129
1769,Jun,66.6666666667
1769,Jul,83.7209302326
1769,Aug,91.6030534351
1769,Sep,85.7142857143
1769,Oct,154.545454545
1769,Nov,98.5074626866
1769,Dec,172.727272727
1770,Jan,107.462686567
1770,Feb,71.6417910448
1770,Mar,147.826086957
1770,Apr,75.0
1770,May,35.2941176471
1770,Jun,78.2608695652
1770,Jul,76.5957446809
1770,Aug,114.285714286
1770,Sep,118.421052632
1770,Oct,72.4832214765
1770,Nov,98.1132075472
1770,Dec,160.0
1771,Jan,130.909090909
1771,Feb,95.7055214724
1771,Mar,108.387096774
1771,Apr,149.019607843
1771,May,79.4701986755
1771,Jun,70.5882352941
1771,Jul,58.7412587413
1771,Aug,53.7313432836
1771,Sep,119.083969466
1771,Oct,65.1162790698
1771,Nov,147.540983607
1771,Dec,117.073170732
1772,Jan,91.5254237288
1772,Feb,98.3606557377
1772,Mar,116.129032258
1772,Apr,114.285714286
1772,May,101.538461538
1772,Jun,38.7096774194
1772,Jul,107.317073171
1772,Aug,72.7272727273
1772,Sep,138.461538462
1772,Oct,103.125
1772,Nov,85.0393700787
1772,Dec,103.125
1773,Jan,168.75
1773,Feb,76.8
1773,Mar,96.0
1773,Apr,111.86440678
1773,May,121.008403361
1773,Jun,39.3442622951
1773,Jul,80.0
1773,Aug,77.4193548387
1773,Sep,74.4186046512
1773,Oct,108.270676692
1773,Nov,106.666666667
1773,Dec,77.6978417266
1774,Jan,177.181208054
1774,Feb,103.311258278
1774,Mar,105.660377358
1774,Apr,92.3076923077
1774,May,114.97005988
1774,Jun,98.2456140351
1774,Jul,65.9340659341
1774,Aug,108.474576271
1774,Sep,117.391304348
1774,Oct,64.5161290323
1774,Nov,103.225806452
1774,Dec,129.032258065
1775,Jan,113.966480447
1775,Feb,134.078212291
1775,Mar,112.941176471
1775,Apr,97.5
1775,May,118.518518519
1775,Jun,53.5031847134
1775,Jul,80.0
1775,Aug,57.5342465753
1775,Sep,67.1328671329
1775,Oct,105.882352941
1775,Nov,100.0
1775,Dec,127.868852459
1776,Jan,132.203389831
1776,Feb,178.947368421
1776,Mar,98.1818181818
1776,Apr,97.2972972973
1776,May,66.0550458716
1776,Jun,30.0
1776,Jul,57.6
1776,Aug,25.1748251748
1776,Sep,76.5957446809
1776,Oct,83.3333333333
1776,Nov,176.0
1776,Dec,143.046357616
1777,Jan,235.443037975
1777,Feb,113.924050633
1777,Mar,85.2071005917
1777,Apr,100.0
1777,May,43.2989690722
1777,Jun,63.4920634921
1777,Jul,38.2978723404
1777,Aug,97.1098265896
1777,Sep,136.363636364
1777,Oct,160.0
1777,Nov,117.24137931
1777,Dec,118.604651163
1778,Jan,113.609467456
1778,Feb,126.315789474
1778,Mar,112.280701754
1778,Apr,68.3544303797
1778,May,39.2156862745
1778,Jun,54.1935483871
1778,Jul,63.1578947368
1778,Aug,109.090909091
1778,Sep,55.2631578947
1778,Oct,150.0
1778,Nov,152.0
1778,Dec,109.803921569
1779,Jan,142.105263158
1779,Feb,123.870967742
1779,Mar,129.72972973
1779,Apr,53.164556962
1779,May,62.3376623377
1779,Jun,45.5696202532
1779,Jul,80.487804878
1779,Aug,50.6024096386
1779,Sep,119.298245614
1779,Oct,105.263157895
1779,Nov,156.818181818
1779,Dec,133.333333333
1780,Jan,130.434782609
1780,Feb,136.216216216
1780,Mar,102.673796791
1780,Apr,74.2268041237
1780,May,73.4693877551
1780,Jun,61.2244897959
1780,Jul,75.0
1780,Aug,57.4468085106
1780,Sep,157.37704918
1780,Oct,113.333333333
1780,Nov,152.486187845
1780,Dec,108.474576271
1781,Jan,109.714285714
1781,Feb,110.344827586
1781,Mar,85.7142857143
1781,Apr,91.7647058824
1781,May,58.8957055215
1781,Jun,58.8957055215
1781,Jul,80.0
1781,Aug,118.604651163
1781,Sep,86.7469879518
1781,Oct,67.4157303371
1781,Nov,159.537572254
1781,Dec,124.855491329
1782,Jan,157.714285714
1782,Feb,70.1754385965
1782,Mar,174.418604651
1782,Apr,56.8047337278
1782,May,56.4705882353
1782,Jun,75.0
1782,Jul,51.8518518519
1782,Aug,136.708860759
1782,Sep,67.5
1782,Oct,86.2745098039
1782,Nov,101.298701299
1782,Dec,154.838709677
1783,Jan,150.993377483
1783,Feb,95.3642384106
1783,Mar,148.965517241
1783,Apr,70.1298701299
1783,May,65.8536585366
1783,Jun,40.9090909091
1783,Jul,50.9090909091
1783,Aug,88.8888888889
1783,Sep,124.855491329
1783,Oct,146.511627907
1783,Nov,165.745856354
1783,Dec,58.064516129
1784,Jan,102.673796791
1784,Feb,142.268041237
1784,Mar,106.25
1784,Apr,118.681318681
1784,May,95.4545454545
1784,Jun,51.2195121951
1784,Jul,98.8235294118
1784,Aug,71.8562874251
1784,Sep,61.935483871
1784,Oct,116.129032258
1784,Nov,107.586206897
1784,Dec,130.434782609
1785,Jan,114.705882353
1785,Feb,103.125
1785,Mar,160.62992126
1785,Apr,75.5905511811
1785,May,64.1221374046
1785,Jun,45.4545454545
1785,Jul,57.1428571429
1785,Aug,87.8048780488
1785,Sep,75.0
1785,Oct,179.527559055
1785,Nov,129.230769231
1785,Dec,80.5970149254
1786,Jan,84.5070422535
1786,Feb,128.859060403
1786,Mar,124.675324675
1786,Apr,83.5443037975
1786,May,82.5
1786,Jun,93.9759036145
1786,Jul,88.6363636364
1786,Aug,88.8888888889
1786,Sep,73.4693877551
1786,Oct,129.230769231
1786,Nov,120.0
1786,Dec,118.134715026
1787,Jan,143.75
1787,Feb,148.387096774
1787,Mar,100.558659218
1787,Apr,109.714285714
1787,May,29.0909090909
1787,Jun,94.1176470588
1787,Jul,59.1549295775
1787,Aug,62.2222222222
1787,Sep,75.5905511811
1787,Oct,102.325581395
1787,Nov,82.7586206897
1787,Dec,82.0512820513
1788,Jan,176.146788991
1788,Feb,166.666666667
1788,Mar,185.454545455
1788,Apr,32.4324324324
1788,May,56.0747663551
1788,Jun,45.2830188679
1788,Jul,64.8648648649
1788,Aug,103.846153846
1788,Sep,111.340206186
1788,Oct,96.5517241379
1788,Nov,96.5517241379
1788,Dec,177.272727273
1789,Jan,124.137931034
1789,Feb,111.627906977
1789,Mar,96.5517241379
1789,Apr,40.0
1789,May,78.2608695652
1789,Jun,38.2978723404
1789,Jul,66.6666666667
1789,Aug,131.868131868
1789,Sep,156.52173913
1789,Oct,117.391304348
1789,Nov,112.5
1789,Dec,114.893617021
1790,Jan,127.659574468
1790,Feb,118.681318681
1790,Mar,95.4545454545
1790,Apr,102.43902439
1790,May,57.1428571429
1790,Jun,40.4494382022
1790,Jul,28.2352941176
1790,Aug,102.43902439
1790,Sep,91.1392405063
1790,Oct,169.230769231
1790,Nov,236.61971831
1790,Dec,83.3333333333
1791,Jan,118.309859155
1791,Feb,98.6301369863
1791,Mar,98.6301369863
1791,Apr,0.0
1791,May,69.7674418605
1791,Jun,28.2352941176
1791,Jul,52.7472527473
1791,Aug,89.3617021277
1791,Sep,134.693877551
1791,Oct,237.5
1791,Nov,156.0
1791,Dec,129.411764706
1792,Jan,117.647058824
1792,Feb,114.285714286
1792,Mar,46.1538461538
1792,Apr,47.5247524752
1792,May,92.3076923077
1792,Jun,27.9069767442
1792,Jul,97.6744186047
1792,Aug,78.2608695652
1792,Sep,94.1176470588
1792,Oct,100.0
1792,Nov,88.8888888889
1792,Dec,123.364485981
1793,Jan,177.777777778
1793,Feb,218.181818182
1793,Mar,106.194690265
1793,Apr,42.8571428571
1793,May,62.6086956522
1793,Jun,30.2521008403
1793,Jul,88.5245901639
1793,Aug,87.0967741935
1793,Sep,69.4214876033
1793,Oct,115.2
1793,Nov,111.627906977
1793,Dec,129.230769231
1794,Jan,164.885496183
1794,Feb,160.62992126
1794,Mar,132.283464567
1794,Apr,75.5905511811
1794,May,67.2
1794,Jun,39.3442622951
1794,Jul,50.8474576271
1794,Aug,95.5752212389
1794,Sep,76.3636363636
1794,Oct,116.504854369
1794,Nov,104.854368932
1794,Dec,121.212121212
1795,Jan,162.5
1795,Feb,176.842105263
1795,Mar,94.3820224719
1795,Apr,106.666666667
1795,May,42.8571428571
1795,Jun,14.4578313253
1795,Jul,59.2592592593
1795,Aug,44.4444444444
1795,Sep,129.72972973
1795,Oct,67.6056338028
1795,Nov,139.130434783
1795,Dec,133.333333333
1796,Jan,208.0
1796,Feb,107.692307692
1796,Mar,57.1428571429
1796,Apr,87.8048780488
1796,May,80.8988764045
1796,Jun,51.6129032258
1796,Jul,87.5
1796,Aug,118.681318681
1796,Sep,68.5714285714
1796,Oct,112.820512821
1796,Nov,128.571428571
1796,Dec,120.0
1797,Jan,88.8888888889
1797,Feb,221.052631579
1797,Mar,174.545454545
1797,Apr,10.2564102564
1797,May,43.2432432432
1797,Jun,22.2222222222
1797,Jul,144.444444444
1797,Aug,56.0747663551
1797,Sep,162.5
1797,Oct,65.9340659341
1797,Nov,114.893617021
1797,Dec,134.693877551
1798,Jan,84.0
1798,Feb,133.333333333
1798,Mar,143.47826087
1798,Apr,55.1724137931
1798,May,106.666666667
1798,Jun,53.9325842697
1798,Jul,42.3529411765
1798,Aug,97.6744186047
1798,Sep,112.941176471
1798,Oct,123.076923077
1798,Nov,121.518987342
1798,Dec,103.703703704
1799,Jan,115.662650602
1799,Feb,124.137931034
1799,Mar,56.4705882353
1799,Apr,68.1818181818
1799,May,131.868131868
1799,Jun,80.0
1799,Jul,83.1683168317
1799,Aug,58.2524271845
1799,Sep,122.222222222
1799,Oct,112.820512821
1799,Nov,73.0434782609
1799,Dec,192.857142857
1800,Jan,109.090909091
1800,Feb,158.490566038
1800,Mar,140.540540541
1800,Apr,34.2857142857
1800,May,77.7777777778
1800,Jun,42.1052631579
1800,Jul,32.4324324324
1800,Aug,108.108108108
1800,Sep,58.2524271845
1800,Oct,175.0
1800,Nov,157.575757576
1800,Dec,181.818181818
1801,Jan,122.448979592
1801,Feb,71.2871287129
1801,Mar,74.2268041237
1801,Apr,74.2268041237
1801,May,93.3333333333
1801,Jun,42.3529411765
1801,Jul,79.1208791209
1801,Aug,76.5957446809
1801,Sep,60.6060606061
1801,Oct,77.0642201835
1801,Nov,86.4864864865
1801,Dec,231.19266055
1802,Jan,136.842105263
1802,Feb,117.857142857
1802,Mar,169.911504425
1802,Apr,77.4193548387
1802,May,45.1127819549
1802,Jun,69.5652173913
1802,Jul,35.5555555556
1802,Aug,64.6153846154
1802,Sep,141.176470588
1802,Oct,148.837209302
1802,Nov,121.875
1802,Dec,174.193548387
1803,Jan,78.6885245902
1803,Feb,168.595041322
1803,Mar,90.0
1803,Apr,76.3636363636
1803,May,11.7647058824
1803,Jun,78.2608695652
1803,Jul,43.9024390244
1803,Aug,84.7058823529
1803,Sep,97.2972972973
1803,Oct,133.333333333
1803,Nov,47.3684210526
1803,Dec,118.518518519
1804,Jan,169.230769231
1804,Feb,90.0
1804,Mar,103.703703704
1804,Apr,160.975609756
1804,May,82.7586206897
1804,Jun,36.0
1804,Jul,56.6037735849
1804,Aug,80.0
1804,Sep,75.6756756757
1804,Oct,133.333333333
1804,Nov,171.428571429
1804,Dec,151.351351351
1805,Jan,105.263157895
1805,Feb,130.909090909
1805,Mar,143.119266055
1805,Apr,66.6666666667
1805,May,56.0747663551
1805,Jun,73.4693877551
1805,Jul,13.7931034483
1805,Aug,87.8048780488
1805,Sep,92.3076923077
1805,Oct,214.925373134
1805,Nov,131.25
1805,Dec,60.0
1806,Jan,111.111111111
1806,Feb,171.428571429
1806,Mar,45.2830188679
1806,Apr,67.9245283019
1806,May,22.2222222222
1806,Jun,0.0
1806,Jul,61.0169491525
1806,Aug,49.3150684932
1806,Sep,100.0
1806,Oct,202.597402597
1806,Nov,110.526315789
1806,Dec,121.518987342
1807,Jan,281.481481481
1807,Feb,98.8235294118
1807,Mar,89.3617021277
1807,Apr,24.4897959184
1807,May,51.6129032258
1807,Jun,25.2631578947
1807,Jul,84.8484848485
1807,Aug,150.0
1807,Sep,115.384615385
1807,Oct,92.3076923077
1807,Nov,100.934579439
1807,Dec,130.909090909
1808,Jan,171.428571429
1808,Feb,163.636363636
1808,Mar,81.5533980583
1808,Apr,59.4059405941
1808,May,82.3529411765
1808,Jun,47.5247524752
1808,Jul,63.1578947368
1808,Aug,68.9655172414
1808,Sep,117.073170732
1808,Oct,133.333333333
1808,Nov,105.494505495
1808,Dec,79.1208791209
1809,Jan,103.225806452
1809,Feb,130.434782609
1809,Mar,78.2608695652
1809,Apr,204.545454545
1809,May,102.43902439
1809,Jun,92.3076923077
1809,Jul,62.3376623377
1809,Aug,77.9220779221
1809,Sep,64.8648648649
1809,Oct,43.3734939759
1809,Nov,63.1578947368
1809,Dec,81.0810810811
1810,Jan,141.176470588
1810,Feb,127.272727273
1810,Mar,272.727272727
1810,Apr,133.333333333
1810,May,75.9493670886
1810,Jun,0.0
1810,Jul,27.2727272727
1810,Aug,64.5161290323
1810,Sep,122.448979592
1810,Oct,130.434782609
1810,Nov,116.129032258
1810,Dec,113.684210526
1811,Jan,147.169811321
1811,Feb,132.110091743
1811,Mar,96.4285714286
1811,Apr,95.5752212389
1811,May,70.0
1811,Jun,111.86440678
1811,Jul,50.8474576271
1811,Aug,81.3559322034
1811,Sep,113.793103448
1811,Oct,174.358974359
1811,Nov,73.6842105263
1811,Dec,98.1818181818
1812,Jan,152.941176471
1812,Feb,120.0
1812,Mar,117.647058824
1812,Apr,72.0
1812,May,39.1304347826
1812,Jun,36.7346938776
1812,Jul,37.8947368421
1812,Aug,130.434782609
1812,Sep,114.893617021
1812,Oct,110.204081633
1812,Nov,157.575757576
1812,Dec,72.7272727273
1813,Jan,117.647058824
1813,Feb,142.574257426
1813,Mar,173.195876289
1813,Apr,87.5
1813,May,36.3636363636
1813,Jun,70.5882352941
1813,Jul,22.2222222222
1813,Aug,65.4545454545
1813,Sep,89.7196261682
1813,Oct,144.0
1813,Nov,192.0
1813,Dec,133.333333333
1814,Jan,133.333333333
1814,Feb,97.2972972973
1814,Mar,77.7777777778
1814,Apr,75.6756756757
1814,May,125.714285714
1814,Jun,71.2871287129
1814,Jul,59.4059405941
1814,Aug,36.3636363636
1814,Sep,137.5
1814,Oct,77.4193548387
1814,Nov,163.636363636
1814,Dec,175.609756098
1815,Jan,155.844155844
1815,Feb,94.7368421053
1815,Mar,58.5365853659
1815,Apr,29.6296296296
1815,May,66.6666666667
1815,Jun,13.0434782609
1815,Jul,53.3333333333
1815,Aug,120.0
1815,Sep,129.032258065
1815,Oct,189.473684211
1815,Nov,166.336633663
1815,Dec,121.212121212
1816,Jan,118.811881188
1816,Feb,102.857142857
1816,Mar,67.2897196262
1816,Apr,90.5660377358
1816,May,35.6435643564
1816,Jun,35.6435643564
1816,Jul,98.9690721649
1816,Aug,141.935483871
1816,Sep,105.882352941
1816,Oct,116.504854369
1816,Nov,164.705882353
1816,Dec,69.2307692308
1817,Jan,69.2307692308
1817,Feb,216.0
1817,Mar,92.3076923077
1817,Apr,94.3820224719
1817,May,69.7674418605
1817,Jun,45.0
1817,Jul,59.2592592593
1817,Aug,30.3797468354
1817,Sep,127.272727273
1817,Oct,135.483870968
1817,Nov,171.428571429
1817,Dec,158.490566038
1818,Jan,90.5660377358
1818,Feb,113.20754717
1818,Mar,64.2857142857
1818,Apr,20.6896551724
1818,May,39.3442622951
1818,Jun,57.1428571429
1818,Jul,71.6417910448
1818,Aug,78.9473684211
1818,Sep,136.708860759
1818,Oct,127.659574468
1818,Nov,117.647058824
1818,Dec,122.222222222
1819,Jan,139.285714286
1819,Feb,84.2105263158
1819,Mar,178.512396694
1819,Apr,85.0393700787
1819,May,74.4186046512
1819,Jun,65.1162790698
1819,Jul,54.1353383459
1819,Aug,106.666666667
1819,Sep,137.404580153
1819,Oct,117.073170732
1819,Nov,102.564102564
1819,Dec,160.714285714
1820,Jan,171.428571429
1820,Feb,45.7142857143
1820,Mar,126.315789474
1820,Apr,40.4494382022
1820,May,42.3529411765
1820,Jun,0.0
1820,Jul,93.5064935065
1820,Aug,32.4324324324
1820,Sep,121.348314607
1820,Oct,105.494505495
1820,Nov,37.1134020619
1820,Dec,155.555555556
1821,Jan,124.137931034
1821,Feb,196.551724138
1821,Mar,116.129032258
1821,Apr,87.8048780488
1821,May,136.585365854
1821,Jun,74.4186046512
1821,Jul,56.25
1821,Aug,96.7741935484
1821,Sep,81.3559322034
1821,Oct,84.2105263158
1821,Nov,100.0
1821,Dec,151.45631068
1822,Jan,98.9690721649
1822,Feb,165.957446809
1822,Mar,106.666666667
1822,Apr,39.5604395604
1822,May,122.727272727
1822,Jun,26.9662921348
1822,Jul,41.8604651163
1822,Aug,81.8181818182
1822,Sep,120.0
1822,Oct,63.829787234
1822,Nov,126.315789474
1822,Dec,123.711340206
1823,Jan,121.212121212
1823,Feb,178.217821782
1823,Mar,144.0
1823,Apr,45.7142857143
1823,May,124.528301887
1823,Jun,46.6019417476
1823,Jul,58.2524271845
1823,Aug,60.6060606061
1823,Sep,176.842105263
1823,Oct,81.8181818182
1823,Nov,93.3333333333
1823,Dec,144.578313253
1824,Jan,81.8181818182
1824,Feb,138.947368421
1824,Mar,58.8235294118
1824,Apr,73.4693877551
1824,May,47.0588235294
1824,Jun,91.5254237288
1824,Jul,118.032786885
1824,Aug,105.882352941
1824,Sep,83.3333333333
1824,Oct,79.4701986755
1824,Nov,180.392156863
1824,Dec,107.692307692
1825,Jan,158.940397351
1825,Feb,156.164383562
1825,Mar,99.3103448276
1825,Apr,67.6056338028
1825,May,57.5342465753
1825,Jun,36.0902255639
1825,Jul,58.7412587413
1825,Aug,101.538461538
1825,Sep,64.1221374046
1825,Oct,130.23255814
1825,Nov,92.3076923077
1825,Dec,223.255813953
1826,Jan,67.2
1826,Feb,200.0
1826,Mar,105.263157895
1826,Apr,94.7368421053
1826,May,64.2857142857
1826,Jun,0.0
1826,Jul,23.3009708738
1826,Aug,53.5714285714
1826,Sep,78.5046728972
1826,Oct,133.333333333
1826,Nov,145.794392523
1826,Dec,132.110091743
1827,Jan,174.545454545
1827,Feb,159.292035398
1827,Mar,121.100917431
1827,Apr,88.0733944954
1827,May,94.1176470588
1827,Jun,11.4285714286
1827,Jul,58.8235294118
1827,Aug,11.6504854369
1827,Sep,83.1683168317
1827,Oct,59.4059405941
1827,Nov,200.0
1827,Dec,117.391304348
1828,Jan,214.736842105
1828,Feb,167.741935484
1828,Mar,130.693069307
1828,Apr,33.3333333333
1828,May,43.6363636364
1828,Jun,44.4444444444
1828,Jul,31.8584070796
1828,Aug,100.0
1828,Sep,164.705882353
1828,Oct,84.8484848485
1828,Nov,171.428571429
1828,Dec,175.0
1829,Jan,154.838709677
1829,Feb,89.3617021277
1829,Mar,110.344827586
1829,Apr,28.2352941176
1829,May,28.2352941176
1829,Jun,13.7931034483
1829,Jul,57.1428571429
1829,Aug,26.9662921348
1829,Sep,158.241758242
1829,Oct,96.5517241379
1829,Nov,206.451612903
1829,Dec,140.425531915
1830,Jan,217.021276596
1830,Feb,117.391304348
1830,Mar,50.5263157895
1830,Apr,103.225806452
1830,May,37.8947368421
1830,Jun,13.3333333333
1830,Jul,26.0869565217
1830,Aug,68.1818181818
1830,Sep,134.831460674
1830,Oct,109.090909091
1830,Nov,138.947368421
1830,Dec,157.575757576
1831,Jan,148.571428571
1831,Feb,109.090909091
1831,Mar,140.0
1831,Apr,40.3361344538
1831,May,71.7948717949
1831,Jun,74.3362831858
1831,Jul,75.0
1831,Aug,171.428571429
1831,Sep,101.886792453
1831,Oct,86.5979381443
1831,Nov,87.5
1831,Dec,154.838709677
1832,Jan,80.0
1832,Feb,150.0
1832,Mar,77.9220779221
1832,Apr,47.3684210526
1832,May,60.7594936709
1832,Jun,52.7472527473
1832,Jul,67.4157303371
1832,Aug,51.0638297872
1832,Sep,106.666666667
1832,Oct,127.659574468
1832,Nov,237.5
1832,Dec,120.0
1833,Jan,132.0
1833,Feb,81.5533980583
1833,Mar,102.857142857
1833,Apr,55.0458715596
1833,May,86.4864864865
1833,Jun,46.6019417476
1833,Jul,93.2038834951
1833,Aug,67.9245283019
1833,Sep,122.033898305
1833,Oct,113.385826772
1833,Nov,102.325581395
1833,Dec,93.75
1834,Jan,128.244274809
1834,Feb,179.527559055
1834,Mar,170.078740157
1834,Apr,69.4214876033
1834,May,71.186440678
1834,Jun,68.2926829268
1834,Jul,38.7096774194
1834,Aug,55.8139534884
1834,Sep,59.5041322314
1834,Oct,93.9130434783
1834,Nov,160.0
1834,Dec,115.789473684
1835,Jan,198.260869565
1835,Feb,112.820512821
1835,Mar,125.217391304
1835,Apr,125.217391304
1835,May,10.9090909091
1835,Jun,96.0
1835,Jul,75.7894736842
1835,Aug,60.7594936709
1835,Sep,104.347826087
1835,Oct,81.3559322034
1835,Nov,135.849056604
1835,Dec,120.0
1836,Jan,59.0163934426
1836,Feb,20.3389830508
1836,Mar,33.3333333333
1836,Apr,97.2972972973
1836,May,109.090909091
1836,Jun,108.0
1836,Jul,43.6363636364
1836,Aug,155.72519084
1836,Sep,64.4295302013
1836,Oct,134.161490683
1836,Nov,131.707317073
1836,Dec,118.518518519
1837,Jan,183.439490446
1837,Feb,145.222929936
1837,Mar,112.751677852
1837,Apr,73.9726027397
1837,May,49.3150684932
1837,Jun,34.5323741007
1837,Jul,36.3636363636
1837,Aug,93.9130434783
1837,Sep,51.2820512821
1837,Oct,192.857142857
1837,Nov,121.100917431
1837,Dec,100.934579439
1838,Jan,77.0642201835
1838,Feb,233.333333333
1838,Mar,100.934579439
1838,Apr,67.2897196262
1838,May,50.5263157895
1838,Jun,75.7894736842
1838,Jul,36.7346938776
1838,Aug,84.2105263158
1838,Sep,59.4059405941
1838,Oct,67.9245283019
1838,Nov,123.364485981
1838,Dec,130.909090909
1839,Jan,253.211009174
1839,Feb,86.4864864865
1839,Mar,148.672566372
1839,Apr,68.2926829268
1839,May,65.625
1839,Jun,45.4545454545
1839,Jul,44.4444444444
1839,Aug,100.840336134
1839,Sep,135.338345865
1839,Oct,100.763358779
1839,Nov,139.534883721
1839,Dec,135.338345865
1840,Jan,63.1578947368
1840,Feb,197.014925373
1840,Mar,106.666666667
1840,Apr,46.875
1840,May,100.0
1840,Jun,45.1127819549
1840,Jul,57.6
1840,Aug,101.538461538
1840,Sep,80.0
1840,Oct,146.341463415
1840,Nov,156.097560976
1840,Dec,73.6842105263
1841,Jan,128.571428571
1841,Feb,128.571428571
1841,Mar,163.636363636
1841,Apr,56.6037735849
1841,May,25.0
1841,Jun,37.5
1841,Jul,71.2871287129
1841,Aug,105.882352941
1841,Sep,50.5263157895
1841,Oct,66.6666666667
1841,Nov,208.695652174
1841,Dec,148.453608247
1842,Jan,154.455445545
1842,Feb,57.1428571429
1842,Mar,107.142857143
1842,Apr,68.8524590164
1842,May,62.6865671642
1842,Jun,65.625
1842,Jul,93.023255814
1842,Aug,152.380952381
1842,Sep,126.315789474
1842,Oct,158.139534884
1842,Nov,90.9090909091
1842,Dec,116.417910448
1843,Jan,89.552238806
1843,Feb,110.769230769
1843,Mar,59.0163934426
1843,Apr,100.0
1843,May,92.3076923077
1843,Jun,71.7948717949
1843,Jul,61.5384615385
1843,Aug,76.1904761905
1843,Sep,112.5
1843,Oct,126.315789474
1843,Nov,93.75
1843,Dec,121.875
1844,Jan,171.428571429
1844,Feb,129.230769231
1844,Mar,104.761904762
1844,Apr,47.2440944882
1844,May,88.5245901639
1844,Jun,118.032786885
1844,Jul,29.2682926829
1844,Aug,40.0
1844,Sep,123.80952381
1844,Oct,83.0769230769
1844,Nov,91.6030534351
1844,Dec,132.283464567
1845,Jan,165.517241379
1845,Feb,195.12195122
1845,Mar,141.732283465
1845,Apr,60.0
1845,May,51.2820512821
1845,Jun,10.0
1845,Jul,95.2380952381
1845,Aug,78.6885245902
1845,Sep,63.7168141593
1845,Oct,66.0550458716
1845,Nov,140.540540541
1845,Dec,216.216216216
1846,Jan,127.433628319
1846,Feb,120.0
1846,Mar,123.364485981
1846,Apr,90.5660377358
1846,May,56.0747663551
1846,Jun,34.6153846154
1846,Jul,93.3333333333
1846,Aug,65.2173913043
1846,Sep,61.8556701031
1846,Oct,89.3617021277
1846,Nov,133.333333333
1846,Dec,80.8988764045
1847,Jan,178.723404255
1847,Feb,200.0
1847,Mar,101.052631579
1847,Apr,50.5263157895
1847,May,51.0638297872
1847,Jun,102.127659574
1847,Jul,118.681318681
1847,Aug,58.5365853659
1847,Sep,84.5070422535
1847,Oct,110.769230769
1847,Nov,190.476190476
1847,Dec,61.0169491525
1848,Jan,109.090909091
1848,Feb,125.0
1848,Mar,51.0638297872
1848,Apr,50.0
1848,May,0.0
1848,Jun,82.7586206897
1848,Jul,33.8028169014
1848,Aug,45.0
1848,Sep,82.7586206897
1848,Oct,84.0
1848,Nov,219.230769231
1848,Dec,168.421052632
1849,Jan,146.086956522
1849,Feb,112.5
1849,Mar,132.352941176
1849,Apr,51.4285714286
1849,May,80.0
1849,Jun,42.5531914894
1849,Jul,136.363636364
1849,Aug,100.0
1849,Sep,93.75
1849,Oct,164.516129032
1849,Nov,98.3606557377
1849,Dec,73.0434782609
1850,Jan,138.842975207
1850,Feb,83.4782608696
1850,Mar,121.100917431
1850,Apr,43.6363636364
1850,May,35.2941176471
1850,Jun,124.528301887
1850,Jul,96.4285714286
1850,Aug,54.5454545455
1850,Sep,116.814159292
1850,Oct,95.5752212389
1850,Nov,146.086956522
1850,Dec,132.203389831
1851,Jan,124.137931034
1851,Feb,120.0
1851,Mar,116.814159292
1851,Apr,65.4545454545
1851,May,66.0550458716
1851,Jun,96.4285714286
1851,Jul,34.9514563107
1851,Aug,84.9557522124
1851,Sep,78.6885245902
1851,Oct,78.0487804878
1851,Nov,160.62992126
1851,Dec,36.641221374
1852,Jan,206.25
1852,Feb,183.20610687
1852,Mar,109.090909091
1852,Apr,85.7142857143
1852,May,83.9160839161
1852,Jun,50.7042253521
1852,Jul,47.0588235294
1852,Aug,75.0
1852,Sep,140.145985401
1852,Oct,94.964028777
1852,Nov,142.222222222
1852,Dec,141.732283465
1853,Jan,126.829268293
1853,Feb,127.868852459
1853,Mar,140.0
1853,Apr,63.1578947368
1853,May,21.6216216216
1853,Jun,23.3009708738
1853,Jul,62.5
1853,Aug,90.3225806452
1853,Sep,134.831460674
1853,Oct,114.285714286
1853,Nov,110.344827586
1853,Dec,106.666666667
1854,Jan,130.434782609
1854,Feb,118.681318681
1854,Mar,124.137931034
1854,Apr,125.581395349
1854,May,66.6666666667
1854,Jun,53.9325842697
1854,Jul,55.1724137931
1854,Aug,41.8604651163
1854,Sep,121.348314607
1854,Oct,163.636363636
1854,Nov,98.8235294118
1854,Dec,88.8888888889
1855,Jan,136.708860759
1855,Feb,171.428571429
1855,Mar,109.090909091
1855,Apr,82.7586206897
1855,May,15.0
1855,Jun,28.9156626506
1855,Jul,127.058823529
1855,Aug,98.8235294118
1855,Sep,110.344827586
1855,Oct,67.4157303371
1855,Nov,137.931034483
1855,Dec,100.0
1856,Jan,106.930693069
1856,Feb,169.696969697
1856,Mar,123.711340206
1856,Apr,47.0588235294
1856,May,113.20754717
1856,Jun,77.0642201835
1856,Jul,72.4137931034
1856,Aug,50.0
1856,Sep,134.482758621
1856,Oct,93.9130434783
1856,Nov,130.0
1856,Dec,160.714285714
1857,Jan,144.444444444
1857,Feb,107.142857143
1857,Mar,95.5752212389
1857,Apr,98.1818181818
1857,May,21.6216216216
1857,Jun,31.3043478261
1857,Jul,120.0
1857,Aug,62.0689655172
1857,Sep,99.173553719
1857,Oct,100.0
1857,Nov,177.391304348
1857,Dec,103.448275862
1858,Jan,194.871794872
1858,Feb,160.714285714
1858,Mar,84.9557522124
1858,Apr,44.8598130841
1858,May,35.2941176471
1858,Jun,53.3333333333
1858,Jul,83.7209302326
1858,Aug,110.526315789
1858,Sep,67.6056338028
1858,Oct,86.9565217391
1858,Nov,84.5070422535
1858,Dec,91.1392405063
1859,Jan,133.333333333
1859,Feb,144.578313253
1859,Mar,80.0
1859,Apr,78.2608695652
1859,May,136.082474227
1859,Jun,69.9029126214
1859,Jul,89.7196261682
1859,Aug,157.009345794
1859,Sep,67.9245283019
1859,Oct,109.090909091
1859,Nov,123.364485981
1859,Dec,121.212121212
1860,Jan,108.0
1860,Feb,111.340206186
1860,Mar,130.434782609
1860,Apr,38.7096774194
1860,May,40.4494382022
1860,Jun,95.4545454545
1860,Jul,67.4157303371
1860,Aug,117.391304348
1860,Sep,90.3225806452
1860,Oct,72.7272727273
1860,Nov,118.811881188
1860,Dec,130.693069307
1861,Jan,151.578947368
1861,Feb,127.659574468
1861,Mar,213.333333333
1861,Apr,68.1818181818
1861,May,36.0
1861,Jun,11.6504854369
1861,Jul,47.0588235294
1861,Aug,58.8235294118
1861,Sep,58.8235294118
1861,Oct,225.0
1861,Nov,162.5
1861,Dec,122.448979592
1862,Jan,139.805825243
1862,Feb,114.285714286
1862,Mar,111.111111111
1862,Apr,52.1739130435
1862,May,57.1428571429
1862,Jun,69.2307692308
1862,Jul,74.2268041237
1862,Aug,96.0
1862,Sep,129.72972973
1862,Oct,83.4782608696
1862,Nov,121.008403361
1862,Dec,28.8
1863,Jan,142.857142857
1863,Feb,203.225806452
1863,Mar,136.585365854
1863,Apr,90.756302521
1863,May,108.196721311
1863,Jun,66.6666666667
1863,Jul,36.9230769231
1863,Aug,67.7419354839
1863,Sep,83.4782608696
1863,Oct,122.222222222
1863,Nov,184.615384615
1863,Dec,87.5
1864,Jan,113.684210526
1864,Feb,142.574257426
1864,Mar,85.7142857143
1864,Apr,62.5
1864,May,38.2978723404
1864,Jun,82.7586206897
1864,Jul,142.857142857
1864,Aug,58.5365853659
1864,Sep,94.7368421053
1864,Oct,142.105263158
1864,Nov,142.105263158
1864,Dec,60.7594936709
1865,Jan,106.329113924
1865,Feb,93.5064935065
1865,Mar,98.8235294118
1865,Apr,65.2173913043
1865,May,70.5882352941
1865,Jun,71.2871287129
1865,Jul,88.0733944954
1865,Aug,123.076923077
1865,Sep,127.868852459
1865,Oct,182.4
1865,Nov,78.0487804878
1865,Dec,120.0
1866,Jan,146.341463415
1866,Feb,107.317073171
1866,Mar,100.0
1866,Apr,28.5714285714
1866,May,30.0
1866,Jun,91.5254237288
1866,Jul,81.3559322034
1866,Aug,90.0
1866,Sep,185.365853659
1866,Oct,122.834645669
1866,Nov,55.8139534884
1866,Dec,108.270676692
1867,Jan,163.2
1867,Feb,136.585365854
1867,Mar,141.176470588
1867,Apr,54.5454545455
1867,May,82.3529411765
1867,Jun,11.8811881188
1867,Jul,74.2268041237
1867,Aug,71.4285714286
1867,Sep,160.0
1867,Oct,89.552238806
1867,Nov,90.9090909091
1867,Dec,145.454545455
1868,Jan,67.6056338028
1868,Feb,80.0
1868,Mar,90.0
1868,Apr,56.4705882353
1868,May,89.3617021277
1868,Jun,66.6666666667
1868,Jul,101.694915254
1868,Aug,94.4881889764
1868,Sep,133.333333333
1868,Oct,117.482517483
1868,Nov,150.993377483
1868,Dec,142.105263158
1869,Jan,104.0
1869,Feb,106.12244898
1869,Mar,118.309859155
1869,Apr,104.347826087
1869,May,70.5882352941
1869,Jun,36.3636363636
1869,Jul,67.2
1869,Aug,47.619047619
1869,Sep,104.761904762
1869,Oct,118.032786885
1869,Nov,150.0
1869,Dec,114.782608696
1870,Jan,144.827586207
1870,Feb,131.092436975
1870,Mar,95.2380952381
1870,Apr,96.7741935484
1870,May,28.8
1870,Jun,48.7804878049
1870,Jul,99.173553719
1870,Aug,122.033898305
1870,Sep,94.7368421053
1870,Oct,136.842105263
1870,Nov,140.540540541
1870,Dec,97.2972972973
1871,Jan,122.222222222
1871,Feb,106.930693069
1871,Mar,121.212121212
1871,Apr,79.2452830189
1871,May,34.6153846154
1871,Jun,22.0183486239
1871,Jul,31.3043478261
1871,Aug,101.694915254
1871,Sep,162.711864407
1871,Oct,106.451612903
1871,Nov,175.609756098
1871,Dec,140.625
1872,Jan,129.230769231
1872,Feb,81.2030075188
1872,Mar,147.692307692
1872,Apr,57.6
1872,May,76.8
1872,Jun,39.6694214876
1872,Jul,61.5384615385
1872,Aug,71.7948717949
1872,Sep,106.451612903
1872,Oct,106.451612903
1872,Nov,128.244274809
1872,Dec,100.763358779
1873,Jan,123.529411765
1873,Feb,139.130434783
1873,Mar,132.413793103
1873,Apr,108.333333333
1873,May,65.306122449
1873,Jun,75.0
1873,Jul,64.8648648649
1873,Aug,107.006369427
1873,Sep,77.4193548387
1873,Oct,112.0
1873,Nov,91.0344827586
1873,Dec,124.137931034
1874,Jan,194.366197183
1874,Feb,114.285714286
1874,Mar,98.5074626866
1874,Apr,72.7272727273
1874,May,74.4186046512
1874,Jun,57.6
1874,Jul,128.925619835
1874,Aug,11.5384615385
1874,Sep,92.3076923077
1874,Oct,132.0
1874,Nov,87.5
1874,Dec,141.935483871
1875,Jan,80.0
1875,Feb,184.615384615
1875,Mar,84.8484848485
1875,Apr,45.7142857143
1875,May,52.6315789474
1875,Jun,30.2521008403
1875,Jul,137.704918033
1875,Aug,83.7209302326
1875,Sep,128.244274809
1875,Oct,166.666666667
1875,Nov,96.644295302
1875,Dec,112.0
1876,Jan,102.631578947
1876,Feb,127.152317881
1876,Mar,154.838709677
1876,Apr,71.0526315789
1876,May,50.0
1876,Jun,43.4782608696
1876,Jul,116.417910448
1876,Aug,118.181818182
1876,Sep,100.763358779
1876,Oct,121.008403361
1876,Nov,61.0169491525
1876,Dec,102.564102564
1877,Jan,114.782608696
1877,Feb,171.428571429
1877,Mar,93.2038834951
1877,Apr,92.3076923077
1877,May,58.2524271845
1877,Jun,33.6448598131
1877,Jul,33.6448598131
1877,Aug,124.528301887
1877,Sep,145.454545455
1877,Oct,118.918918919
1877,Nov,108.108108108
1877,Dec,100.0
1878,Jan,99.173553719
1878,Feb,76.1904761905
1878,Mar,190.476190476
1878,Apr,72.1804511278
1878,May,126.315789474
1878,Jun,36.3636363636
1878,Jul,73.8461538462
1878,Aug,103.125
1878,Sep,179.527559055
1878,Oct,102.325581395
1878,Nov,83.0769230769
1878,Dec,77.4193548387
1879,Jan,78.6885245902
1879,Feb,68.8524590164
1879,Mar,212.903225806
1879,Apr,93.1034482759
1879,May,84.9557522124
1879,Jun,21.2389380531
1879,Jul,82.0512820513
1879,Aug,127.868852459
1879,Sep,100.763358779
1879,Oct,82.7586206897
1879,Nov,97.2972972973
1879,Dec,135.849056604
1880,Jan,135.652173913
1880,Feb,161.344537815
1880,Mar,71.7948717949
1880,Apr,42.8571428571
1880,May,32.4324324324
1880,Jun,115.789473684
1880,Jul,127.433628319
1880,Aug,116.814159292
1880,Sep,66.6666666667
1880,Oct,75.6756756757
1880,Nov,133.333333333
1880,Dec,118.918918919
1881,Jan,148.571428571
1881,Feb,136.082474227
1881,Mar,122.448979592
1881,Apr,11.6504854369
1881,May,69.2307692308
1881,Jun,58.2524271845
1881,Jul,48.0
1881,Aug,142.574257426
1881,Sep,129.411764706
1881,Oct,90.5660377358
1881,Nov,117.857142857
1881,Dec,88.8888888889
1882,Jan,141.176470588
1882,Feb,111.627906977
1882,Mar,133.333333333
1882,Apr,66.1417322835
1882,May,18.1818181818
1882,Jun,143.28358209
1882,Jul,124.444444444
1882,Aug,78.2608695652
1882,Sep,107.462686567
1882,Oct,120.0
1882,Nov,120.930232558
1882,Dec,80.5970149254
1883,Jan,158.139534884
1883,Feb,76.8
1883,Mar,94.4881889764
1883,Apr,56.25
1883,May,64.6153846154
1883,Jun,103.125
1883,Jul,86.3309352518
1883,Aug,96.3503649635
1883,Sep,106.12244898
1883,Oct,120.0
1883,Nov,85.7142857143
1883,Dec,156.862745098
1884,Jan,124.137931034
1884,Feb,147.945205479
1884,Mar,105.405405405
1884,Apr,82.1917808219
1884,May,51.7985611511
1884,Jun,25.5319148936
1884,Jul,99.2481203008
1884,Aug,122.834645669
1884,Sep,107.317073171
1884,Oct,78.6885245902
1884,Nov,128.925619835
1884,Dec,111.627906977
1885,Jan,81.8181818182
1885,Feb,129.230769231
1885,Mar,115.2
1885,Apr,84.375
1885,May,128.244274809
1885,Jun,54.5454545455
1885,Jul,77.6978417266
1885,Aug,65.306122449
1885,Sep,110.526315789
1885,Oct,86.2745098039
1885,Nov,111.258278146
1885,Dec,158.333333333
1886,Jan,133.333333333
1886,Feb,144.303797468
1886,Mar,99.3630573248
1886,Apr,55.2631578947
1886,May,55.2631578947
1886,Jun,123.287671233
1886,Jul,125.373134328
1886,Aug,65.1162790698
1886,Sep,93.9130434783
1886,Oct,117.857142857
1886,Nov,85.7142857143
1886,Dec,70.0
1887,Jan,128.571428571
1887,Feb,56.0747663551
1887,Mar,105.263157895
1887,Apr,73.6842105263
1887,May,157.894736842
1887,Jun,69.4214876033
1887,Jul,88.5245901639
1887,Aug,134.4
1887,Sep,81.2030075188
1887,Oct,94.964028777
1887,Nov,126.76056338
1887,Dec,72.7272727273
1888,Jan,136.363636364
1888,Feb,117.293233083
1888,Mar,151.181102362
1888,Apr,90.2255639098
1888,May,44.1176470588
1888,Jun,64.1221374046
1888,Jul,90.9090909091
1888,Aug,75.0
1888,Sep,147.540983607
1888,Oct,142.372881356
1888,Nov,97.5609756098
1888,Dec,88.5245901639
1889,Jan,107.317073171
1889,Feb,67.7419354839
1889,Mar,115.2
1889,Apr,151.260504202
1889,May,40.0
1889,Jun,73.8461538462
1889,Jul,102.325581395
1889,Aug,82.4427480916
1889,Sep,77.1428571429
1889,Oct,131.386861314
1889,Nov,190.476190476
1889,Dec,71.6417910448
1890,Jan,113.868613139
1890,Feb,144.360902256
1890,Mar,80.5970149254
1890,Apr,35.2941176471
1890,May,111.627906977
1890,Jun,116.814159292
1890,Jul,75.6756756757
1890,Aug,113.20754717
1890,Sep,134.693877551
1890,Oct,102.127659574
1890,Nov,51.0638297872
1890,Dec,85.7142857143
1891,Jan,120.0
1891,Feb,118.518518519
1891,Mar,75.0
1891,Apr,55.8139534884
1891,May,25.2631578947
1891,Jun,83.1683168317
1891,Jul,84.2105263158
1891,Aug,88.5245901639
1891,Sep,165.853658537
1891,Oct,159.375
1891,Nov,92.3076923077
1891,Dec,166.423357664
1892,Jan,137.142857143
1892,Feb,77.1428571429
1892,Mar,86.9565217391
1892,Apr,56.25
1892,May,89.2561983471
1892,Jun,102.564102564
1892,Jul,88.8888888889
1892,Aug,81.5533980583
1892,Sep,82.3529411765
1892,Oct,125.0
1892,Nov,69.2307692308
1892,Dec,120.0
1893,Jan,132.0
1893,Feb,96.9696969697
1893,Mar,47.0588235294
1893,Apr,151.351351351
1893,May,54.5454545455
1893,Jun,105.263157895
1893,Jul,73.6842105263
1893,Aug,100.0
1893,Sep,158.67768595
1893,Oct,81.8181818182
1893,Nov,90.9090909091
1893,Dec,87.5912408759
1894,Jan,155.72519084
1894,Feb,79.4117647059
1894,Mar,126.76056338
1894,Apr,119.14893617
1894,May,82.1917808219
1894,Jun,32.6530612245
1894,Jul,93.5064935065
1894,Aug,124.675324675
1894,Sep,117.647058824
1894,Oct,116.666666667
1894,Nov,97.7777777778
1894,Dec,153.383458647
1895,Jan,147.826086957
1895,Feb,71.1111111111
1895,Mar,57.1428571429
1895,Apr,48.0
1895,May,78.0487804878
1895,Jun,91.5254237288
1895,Jul,93.1034482759
1895,Aug,74.3362831858
1895,Sep,141.176470588
1895,Oct,121.008403361
1895,Nov,59.5041322314
1895,Dec,147.540983607
1896,Jan,142.372881356
1896,Feb,135.483870968
1896,Mar,55.3846153846
1896,Apr,66.6666666667
1896,May,84.375
1896,Jun,44.4444444444
1896,Jul,133.333333333
1896,Aug,111.428571429
1896,Sep,88.8888888889
1896,Oct,116.666666667
1896,Nov,105.405405405
1896,Dec,117.647058824
1897,Jan,143.396226415
1897,Feb,68.3544303797
1897,Mar,111.801242236
1897,Apr,80.0
1897,May,105.660377358
1897,Jun,80.981595092
1897,Jul,107.692307692
1897,Aug,129.72972973
1897,Sep,109.090909091
1897,Oct,60.7594936709
1897,Nov,130.769230769
1897,Dec,65.7534246575
1898,Jan,92.3076923077
1898,Feb,133.333333333
1898,Mar,178.125
1898,Apr,87.0967741935
1898,May,38.0952380952
1898,Jun,78.0487804878
1898,Jul,55.3846153846
1898,Aug,84.375
1898,Sep,100.840336134
1898,Oct,106.194690265
1898,Nov,146.086956522
1898,Dec,148.760330579
1899,Jan,90.0
1899,Feb,57.6
1899,Mar,122.834645669
1899,Apr,106.451612903
1899,May,93.023255814
1899,Jun,66.1417322835
1899,Jul,102.325581395
1899,Aug,98.5074626866
1899,Sep,57.9310344828
1899,Oct,125.0
1899,Nov,102.857142857
1899,Dec,142.657342657
1900,Jan,120.0
1900,Feb,141.666666667
1900,Mar,100.0
1900,Apr,53.8461538462
1900,May,101.298701299
1900,Jun,30.9677419355
1900,Jul,120.0
